사고번호,사고일시,요일,시군구,사고내용,사망자수,중상자수,경상자수,부상신고자수,사고유형,법규위반,노면상태,기상상태,도로형태,가해운전자 차종,가해운전자 성별,가해운전자 연령,가해운전자 상해정도,피해운전자 차종,피해운전자 성별,피해운전자 연령,피해운전자 상해정도
2022021700100232,2022년 2월 17일 14시,목요일,전라북도 전주시 완산구 효자동3가,중상사고,0,1,1,0,차대사람 - 횡단중,보행자보호의무위반,포장 - 건조,맑음,교차로 - 교차로횡단보도내,승용,여,47세,기타불명,보행자,남,79세,중상
2022021700100441,2022년 2월 17일 21시,목요일,전라북도 전주시 완산구 평화동1가,경상사고,0,0,2,0,차대차 - 정면충돌,중앙선침범,포장 - 건조,맑음,교차로 - 교차로안,화물,남,48세,상해없음,승용,여,56세,경상
2022021700100442,2022년 2월 17일 21시,목요일,전라북도 전주시 완산구 삼천동1가,중상사고,0,1,0,0,차대사람 - 보도통행중,안전운전불이행,포장 - 건조,맑음,교차로 - 교차로안,승용,남,78세,상해없음,보행자,남,56세,중상
2022021800100059,2022년 2월 18일 07시,금요일,전라북도 전주시 완산구 효자동3가,경상사고,0,0,1,0,차대차 - 측면충돌,안전운전불이행,포장 - 건조,맑음,교차로 - 교차로안,승용,남,53세,상해없음,자전거,남,71세,경상
2022021800100250,2022년 2월 18일 14시,금요일,전라북도 전주시 완산구 삼천동1가,경상사고,0,0,1,0,차대차 - 측면충돌,직진우회전진행방해,포장 - 건조,맑음,교차로 - 교차로안,화물,남,57세,상해없음,승용,여,27세,경상
2022021800100452,2022년 2월 18일 20시,금요일,전라북도 전주시 완산구 효자동3가,중상사고,0,2,1,0,차대차 - 기타,중앙선침범,포장 - 건조,맑음,교차로 - 교차로안,승용,남,55세,경상,승용,남,32세,중상
2022021900100026,2022년 2월 19일 04시,토요일,전라북도 전주시 덕진구 우아동1가,경상사고,0,0,1,0,차대차 - 측면충돌,신호위반,포장 - 건조,맑음,교차로 - 교차로안,승용,남,77세,상해없음,화물,남,47세,경상
2022021900100280,2022년 2월 19일 17시,토요일,전라북도 전주시 덕진구 송천동2가,중상사고,0,1,1,0,차대차 - 측면충돌,신호위반,포장 - 건조,맑음,단일로 - 기타,승합,남,56세,상해없음,승용,남,39세,경상
2022022000100105,2022년 2월 20일 12시,일요일,전라북도 전주시 덕진구 장동,경상사고,0,0,1,0,차대차 - 측면충돌,안전운전불이행,포장 - 건조,맑음,단일로 - 기타,승용,남,29세,상해없음,승용,여,50세,경상
2022022000100127,2022년 2월 20일 13시,일요일,전라북도 전주시 덕진구 금암동,경상사고,0,0,1,0,차대차 - 측면충돌,교차로운행방법위반,포장 - 건조,맑음,교차로 - 교차로안,승용,남,48세,상해없음,이륜,남,29세,경상
2022022000100250,2022년 2월 20일 18시,일요일,전라북도 전주시 완산구 중화산동2가,경상사고,0,0,2,0,차대차 - 추돌,안전운전불이행,포장 - 건조,맑음,교차로 - 교차로안,승용,여,43세,상해없음,승용,여,24세,경상
2022022100100035,2022년 2월 21일 06시,월요일,전라북도 전주시 덕진구 여의동,경상사고,0,0,1,0,차대차 - 정면충돌,중앙선침범,포장 - 젖음/습기,흐림,단일로 - 기타,승용,남,42세,상해없음,화물,남,53세,경상
2022022100100074,2022년 2월 21일 08시,월요일,전라북도 전주시 완산구 색장동,경상사고,0,0,1,0,차대차 - 기타,안전운전불이행,포장 - 건조,맑음,교차로 - 교차로안,건설기계,남,57세,상해없음,승용,여,51세,경상
2022022100100404,2022년 2월 21일 18시,월요일,전라북도 전주시 덕진구 덕진동1가,중상사고,0,1,0,0,차대사람 - 기타,안전운전불이행,포장 - 건조,맑음,단일로 - 기타,자전거,남,72세,상해없음,보행자,여,62세,중상
2022022100100444,2022년 2월 21일 19시,월요일,전라북도 전주시 덕진구 금암동,경상사고,0,0,1,0,차대차 - 정면충돌,교차로운행방법위반,포장 - 건조,맑음,교차로 - 교차로안,이륜,남,38세,상해없음,이륜,남,31세,경상
2022022100100522,2022년 2월 21일 22시,월요일,전라북도 전주시 덕진구 인후동1가,경상사고,0,0,1,0,차대차 - 측면충돌,안전거리미확보,포장 - 건조,맑음,단일로 - 기타,승용,남,20세,상해없음,원동기,남,59세,경상
2022022200100003,2022년 2월 22일 00시,화요일,전라북도 전주시 덕진구 전미동1가,경상사고,0,0,1,0,차대차 - 기타,안전운전불이행,포장 - 건조,맑음,단일로 - 기타,승용,여,19세,상해없음,특수,남,56세,상해없음
2022022200100075,2022년 2월 22일 08시,화요일,전라북도 전주시 완산구 삼천동2가,경상사고,0,0,1,0,차대차 - 기타,안전운전불이행,포장 - 건조,맑음,교차로 - 교차로안,승용,남,23세,상해없음,화물,남,28세,경상
2022022200100177,2022년 2월 22일 12시,화요일,전라북도 전주시 완산구 서노송동,경상사고,0,0,1,0,차대사람 - 기타,안전운전불이행,포장 - 건조,맑음,단일로 - 기타,원동기,기타불명,미분류,기타불명,보행자,여,47세,경상
2022022200100213,2022년 2월 22일 13시,화요일,전라북도 전주시 덕진구 덕진동1가,경상사고,0,0,1,0,차대차 - 측면충돌,신호위반,포장 - 건조,맑음,교차로 - 교차로안,승용,여,20세,상해없음,승용,남,46세,경상
2022022200100332,2022년 2월 22일 17시,화요일,전라북도 전주시 덕진구 송천동2가,중상사고,0,1,0,0,차대사람 - 횡단중,보행자보호의무위반,포장 - 건조,맑음,교차로 - 교차로횡단보도내,화물,남,54세,상해없음,보행자,여,86세,중상
2022022200100408,2022년 2월 22일 19시,화요일,전라북도 전주시 완산구 서신동,중상사고,0,1,0,0,차대사람 - 횡단중,보행자보호의무위반,포장 - 건조,맑음,교차로 - 교차로부근,승용,여,36세,상해없음,보행자,남,55세,중상
2022022200100434,2022년 2월 22일 20시,화요일,전라북도 전주시 완산구 삼천동1가,경상사고,0,0,1,0,차대사람 - 횡단중,보행자보호의무위반,포장 - 서리/결빙,맑음,교차로 - 교차로횡단보도내,화물,남,47세,상해없음,보행자,남,52세,경상
2022022300100057,2022년 2월 23일 08시,수요일,전라북도 전주시 완산구 서완산동1가,경상사고,0,0,1,0,차대차 - 측면충돌,신호위반,포장 - 건조,맑음,교차로 - 교차로안,승용,남,63세,상해없음,승용,남,42세,경상
2022022300100274,2022년 2월 23일 16시,수요일,전라북도 전주시 완산구 서신동,중상사고,0,1,0,0,차대사람 - 횡단중,신호위반,포장 - 건조,맑음,교차로 - 교차로부근,승용,여,56세,상해없음,보행자,여,77세,중상
2022022300100275,2022년 2월 23일 16시,수요일,전라북도 전주시 완산구 중화산동2가,경상사고,0,0,1,0,차대차 - 측면충돌,안전운전불이행,포장 - 건조,맑음,교차로 - 교차로부근,승합,남,68세,상해없음,승용,여,29세,경상
2022022400100197,2022년 2월 24일 12시,목요일,전라북도 전주시 덕진구 송천동1가,경상사고,0,0,1,0,차대차 - 측면충돌,안전운전불이행,포장 - 건조,맑음,단일로 - 기타,승용,남,73세,상해없음,승용,여,30세,경상
2022022400100249,2022년 2월 24일 14시,목요일,전라북도 전주시 완산구 삼천동1가,경상사고,0,0,1,0,차대차 - 정면충돌,교차로운행방법위반,포장 - 건조,맑음,교차로 - 교차로부근,승용,여,45세,상해없음,승용,여,42세,경상
2022022400100517,2022년 2월 24일 22시,목요일,전라북도 전주시 덕진구 우아동2가,경상사고,0,0,4,0,차대차 - 기타,신호위반,포장 - 건조,맑음,교차로 - 교차로부근,승용,남,56세,상해없음,승용,남,50세,경상
2022022500100033,2022년 2월 25일 06시,금요일,전라북도 전주시 덕진구 호성동1가,중상사고,0,1,2,0,차대차 - 기타,안전운전불이행,포장 - 건조,맑음,교차로 - 교차로안,승용,남,31세,상해없음,화물,남,71세,중상
2022022500100217,2022년 2월 25일 12시,금요일,전라북도 전주시 완산구 중화산동2가,경상사고,0,0,3,0,차대차 - 후진중충돌,불법유턴,포장 - 건조,맑음,단일로 - 기타,승합,남,43세,경상,승용,여,39세,경상
2022022500100218,2022년 2월 25일 12시,금요일,전라북도 전주시 덕진구 덕진동1가,경상사고,0,0,1,0,차대차 - 측면충돌,신호위반,포장 - 건조,맑음,교차로 - 교차로안,승용,남,28세,상해없음,승용,남,27세,경상
2022022600100132,2022년 2월 26일 11시,토요일,전라북도 전주시 덕진구 진북동,경상사고,0,0,1,0,차대차 - 측면충돌,안전운전불이행,포장 - 건조,맑음,교차로 - 교차로안,승용,여,57세,상해없음,승용,남,75세,경상
2022022600100163,2022년 2월 26일 12시,토요일,전라북도 전주시 덕진구 덕진동2가,경상사고,0,0,1,0,차대차 - 측면충돌,신호위반,포장 - 건조,맑음,교차로 - 교차로안,승용,남,66세,상해없음,승용,여,38세,경상
2022022600100234,2022년 2월 26일 14시,토요일,전라북도 전주시 완산구 서노송동,중상사고,0,2,2,0,차대차 - 기타,안전운전불이행,포장 - 건조,맑음,단일로 - 기타,승용,남,62세,상해없음,승합,남,50세,상해없음
2022022600100479,2022년 2월 26일 22시,토요일,전라북도 전주시 덕진구 인후동1가,경상사고,0,0,2,0,차대차 - 추돌,안전운전불이행,포장 - 건조,맑음,교차로 - 교차로부근,승용,남,45세,상해없음,승용,남,66세,경상
2022022700100049,2022년 2월 27일 09시,일요일,전라북도 전주시 완산구 효자동3가,경상사고,0,0,2,0,차대차 - 추돌,안전운전불이행,포장 - 건조,맑음,교차로 - 교차로부근,승용,여,54세,상해없음,승용,남,46세,경상
2022022700100251,2022년 2월 27일 17시,일요일,전라북도 전주시 완산구 효자동1가,경상사고,0,0,1,0,차대차 - 정면충돌,신호위반,포장 - 건조,맑음,교차로 - 교차로안,승용,남,76세,상해없음,화물,남,51세,경상
2022022800100008,2022년 2월 28일 01시,월요일,전라북도 전주시 덕진구 진북동,중상사고,0,1,0,0,차대차 - 정면충돌,중앙선침범,포장 - 건조,맑음,단일로 - 기타,이륜,남,59세,상해없음,이륜,남,40세,중상
2022022800100120,2022년 2월 28일 10시,월요일,전라북도 전주시 완산구 효자동3가,경상사고,0,0,1,0,차대차 - 기타,안전운전불이행,포장 - 건조,맑음,교차로 - 교차로부근,승용,남,57세,상해없음,승용,남,21세,경상
2022022800100121,2022년 2월 28일 10시,월요일,전라북도 전주시 덕진구 여의동,경상사고,0,0,1,0,차대차 - 측면충돌,안전운전불이행,포장 - 건조,맑음,교차로 - 교차로부근,승용,남,38세,상해없음,승용,남,32세,경상
2022022800100153,2022년 2월 28일 11시,월요일,전라북도 전주시 덕진구 송천동2가,경상사고,0,0,2,0,차대차 - 추돌,안전거리미확보,포장 - 건조,맑음,단일로 - 기타,승용,남,25세,상해없음,승용,여,59세,경상
2022022800100500,2022년 2월 28일 21시,월요일,전라북도 전주시 덕진구 금암동,중상사고,0,1,1,0,차대차 - 측면충돌,안전운전불이행,포장 - 건조,맑음,교차로 - 교차로안,승용,남,55세,상해없음,승용,남,23세,중상
2022022800100527,2022년 2월 28일 22시,월요일,전라북도 전주시 덕진구 송천동1가,경상사고,0,0,1,0,차대차 - 측면충돌,신호위반,포장 - 건조,맑음,교차로 - 교차로안,승용,남,28세,상해없음,승용,여,26세,경상
2022030100100243,2022년 3월 1일 17시,화요일,전라북도 전주시 덕진구 반월동,경상사고,0,0,1,0,차대차 - 측면충돌,교차로운행방법위반,포장 - 건조,맑음,교차로 - 교차로안,화물,남,57세,상해없음,승용,여,29세,경상
2022030200100142,2022년 3월 2일 10시,수요일,전라북도 전주시 덕진구 송천동1가,경상사고,0,0,1,0,차대사람 - 횡단중,보행자보호의무위반,포장 - 건조,맑음,교차로 - 교차로횡단보도내,승용,남,73세,상해없음,보행자,남,62세,경상
2022030200100163,2022년 3월 2일 11시,수요일,전라북도 전주시 완산구 효자동3가,경상사고,0,0,1,0,차대차 - 추돌,직진우회전진행방해,포장 - 건조,맑음,교차로 - 교차로안,승용,여,41세,상해없음,이륜,남,25세,경상
2022030200100231,2022년 3월 2일 13시,수요일,전라북도 전주시 완산구 중화산동2가,경상사고,0,0,3,0,차대차 - 추돌,안전운전불이행,포장 - 건조,맑음,교차로 - 교차로부근,승용,남,82세,상해없음,승용,남,28세,경상
2022030200100295,2022년 3월 2일 15시,수요일,전라북도 전주시 완산구 전동,경상사고,0,0,2,0,차대차 - 측면충돌,안전운전불이행,포장 - 건조,맑음,교차로 - 교차로부근,승용,여,70세,경상,승합,남,40세,경상
2022030200100296,2022년 3월 2일 15시,수요일,전라북도 전주시 덕진구 인후동1가,중상사고,0,1,0,0,차대사람 - 횡단중,보행자보호의무위반,포장 - 건조,맑음,교차로 - 교차로횡단보도내,승용,남,25세,상해없음,보행자,여,80세,중상
2022030200100331,2022년 3월 2일 16시,수요일,전라북도 전주시 완산구 삼천동1가,경상사고,0,0,1,0,차대사람 - 차도통행중,안전운전불이행,포장 - 건조,맑음,교차로 - 교차로안,승용,여,34세,상해없음,보행자,여,69세,경상
2022030200100545,2022년 3월 2일 23시,수요일,전라북도 전주시 완산구 서신동,경상사고,0,0,2,0,차대차 - 추돌,안전운전불이행,포장 - 건조,맑음,단일로 - 기타,승용,남,56세,상해없음,승용,여,48세,경상
2022030300100052,2022년 3월 3일 07시,목요일,전라북도 전주시 덕진구 여의동2가,경상사고,0,0,1,0,차대차 - 측면충돌,신호위반,포장 - 건조,맑음,교차로 - 교차로안,승합,남,65세,상해없음,승용,남,50세,경상
2022030300100330,2022년 3월 3일 16시,목요일,전라북도 전주시 덕진구 금암동,경상사고,0,0,1,0,차대차 - 측면충돌,안전운전불이행,포장 - 건조,맑음,교차로 - 교차로안,승용,여,46세,상해없음,승용,남,21세,경상
2022030300100450,2022년 3월 3일 20시,목요일,전라북도 전주시 완산구 중화산동2가,경상사고,0,0,1,0,차대사람 - 횡단중,안전운전불이행,포장 - 건조,맑음,교차로 - 교차로안,승용,남,68세,상해없음,보행자,여,61세,경상
2022030300100451,2022년 3월 3일 20시,목요일,전라북도 전주시 덕진구 인후동2가,경상사고,0,0,1,0,차대차 - 추돌,안전운전불이행,포장 - 건조,맑음,단일로 - 기타,이륜,남,28세,상해없음,승용,남,41세,경상
2022030300100476,2022년 3월 3일 21시,목요일,전라북도 전주시 완산구 효자동3가,중상사고,0,1,0,0,차대사람 - 횡단중,안전운전불이행,포장 - 건조,맑음,기타 - 기타,승용,남,61세,기타불명,보행자,여,48세,중상
2022030300100477,2022년 3월 3일 21시,목요일,전라북도 전주시 완산구 효자동3가,경상사고,0,0,1,0,차량단독 - 기타,안전운전불이행,포장 - 건조,맑음,교차로 - 교차로부근,승용,남,56세,상해없음,,,,
2022030400100051,2022년 3월 4일 08시,금요일,전라북도 전주시 덕진구 팔복동2가,경상사고,0,0,2,0,차대차 - 측면충돌,안전운전불이행,포장 - 건조,맑음,교차로 - 교차로안,승용,여,46세,상해없음,승용,남,54세,경상
2022030400100169,2022년 3월 4일 13시,금요일,전라북도 전주시 완산구 경원동1가,경상사고,0,0,1,0,차대차 - 기타,안전운전불이행,포장 - 건조,맑음,기타 - 기타,이륜,남,79세,상해없음,자전거,남,67세,경상
2022030400100257,2022년 3월 4일 16시,금요일,전라북도 전주시 완산구 효자동3가,중상사고,0,1,0,0,차대차 - 기타,신호위반,포장 - 건조,맑음,교차로 - 교차로안,승용,남,67세,상해없음,이륜,남,35세,중상
2022030400100430,2022년 3월 4일 21시,금요일,전라북도 전주시 덕진구 진북동,중상사고,0,1,0,0,차대차 - 기타,신호위반,포장 - 건조,맑음,교차로 - 교차로안,이륜,남,28세,상해없음,이륜,남,34세,중상
2022030400100479,2022년 3월 4일 23시,금요일,전라북도 전주시 덕진구 진북동,중상사고,0,1,0,0,차대차 - 기타,안전운전불이행,포장 - 건조,맑음,단일로 - 기타,승용,남,19세,상해없음,승용,남,66세,상해없음
2022030500100035,2022년 3월 5일 06시,토요일,전라북도 전주시 덕진구 인후동2가,사망사고,1,0,0,0,차대차 - 기타,안전운전불이행,포장 - 건조,맑음,단일로 - 기타,자전거,남,73세,사망,승용,여,59세,상해없음
2022030500100036,2022년 3월 5일 06시,토요일,전라북도 전주시 덕진구 덕진동1가,중상사고,0,1,1,0,차대차 - 기타,중앙선침범,포장 - 젖음/습기,맑음,단일로 - 기타,승용,남,55세,상해없음,화물,남,66세,중상
2022030500100208,2022년 3월 5일 13시,토요일,전라북도 전주시 덕진구 인후동1가,경상사고,0,0,2,0,차대차 - 측면충돌,직진우회전진행방해,포장 - 건조,맑음,교차로 - 교차로안,이륜,남,29세,상해없음,승용,남,42세,경상
2022030500100349,2022년 3월 5일 18시,토요일,전라북도 전주시 완산구 중앙동4가,경상사고,0,0,1,0,차대차 - 기타,불법유턴,포장 - 건조,맑음,단일로 - 기타,화물,남,60세,상해없음,승용,남,67세,상해없음
2022030500100430,2022년 3월 5일 22시,토요일,전라북도 전주시 완산구 효자동2가,경상사고,0,0,1,0,차대차 - 추돌,안전운전불이행,포장 - 건조,맑음,단일로 - 기타,화물,남,67세,상해없음,승용,남,66세,경상
2022030600100006,2022년 3월 6일 00시,일요일,전라북도 전주시 덕진구 인후동1가,경상사고,0,0,1,0,차대차 - 측면충돌,안전운전불이행,포장 - 건조,맑음,교차로 - 교차로안,승용,남,71세,상해없음,승용,남,39세,경상
2022030600100014,2022년 3월 6일 01시,일요일,전라북도 전주시 덕진구 덕진동2가,경상사고,0,0,1,0,차대차 - 후진중충돌,안전운전불이행,포장 - 건조,맑음,단일로 - 기타,승용,남,47세,상해없음,이륜,남,29세,경상
2022030600100077,2022년 3월 6일 11시,일요일,전라북도 전주시 완산구 서신동,경상사고,0,0,2,0,차대차 - 측면충돌,신호위반,포장 - 건조,맑음,교차로 - 교차로부근,승용,남,53세,상해없음,승용,여,50세,경상
2022030600100207,2022년 3월 6일 16시,일요일,전라북도 전주시 완산구 효자동2가,경상사고,0,0,1,0,차대사람 - 보도통행중,기타,포장 - 건조,맑음,기타 - 기타,이륜,남,30세,상해없음,보행자,남,3세,경상
2022030600100236,2022년 3월 6일 17시,일요일,전라북도 전주시 완산구 서노송동,경상사고,0,0,2,0,차대차 - 추돌,안전운전불이행,포장 - 건조,맑음,교차로 - 교차로부근,승용,남,48세,상해없음,승용,남,35세,경상
2022030600100257,2022년 3월 6일 18시,일요일,전라북도 전주시 완산구 서신동,중상사고,0,1,2,0,차대차 - 기타,안전거리미확보,포장 - 건조,맑음,단일로 - 기타,승용,남,20세,상해없음,승용,남,63세,경상
2022030700100113,2022년 3월 7일 09시,월요일,전라북도 전주시 완산구 서신동,경상사고,0,0,1,0,차대차 - 정면충돌,신호위반,포장 - 건조,맑음,교차로 - 교차로안,승용,여,45세,상해없음,승용,남,24세,경상
2022030700100114,2022년 3월 7일 09시,월요일,전라북도 전주시 덕진구 남정동,경상사고,0,0,1,0,차대차 - 측면충돌,신호위반,포장 - 건조,맑음,교차로 - 교차로안,자전거,남,81세,경상,승용,여,31세,상해없음
2022030700100144,2022년 3월 7일 10시,월요일,전라북도 전주시 완산구 평화동1가,중상사고,0,1,0,0,차대사람 - 횡단중,안전운전불이행,포장 - 건조,맑음,교차로 - 교차로안,승용,여,49세,상해없음,보행자,남,67세,중상
2022030700100248,2022년 3월 7일 15시,월요일,전라북도 전주시 완산구 효자동2가,경상사고,0,0,1,0,차대차 - 측면충돌,안전운전불이행,포장 - 건조,맑음,교차로 - 교차로횡단보도내,승용,여,57세,상해없음,자전거,여,27세,경상
2022030700100353,2022년 3월 7일 19시,월요일,전라북도 전주시 완산구 경원동1가,경상사고,0,0,1,0,차대차 - 측면충돌,신호위반,포장 - 건조,맑음,교차로 - 교차로부근,승용,여,22세,상해없음,승용,여,31세,경상
2022030700100402,2022년 3월 7일 22시,월요일,전라북도 전주시 완산구 효자동3가,경상사고,0,0,2,0,차대차 - 추돌,안전운전불이행,포장 - 건조,맑음,교차로 - 교차로부근,승용,남,40세,상해없음,승용,남,38세,경상
2022030700100403,2022년 3월 7일 22시,월요일,전라북도 전주시 덕진구 덕진동2가,경상사고,0,0,1,0,차대차 - 추돌,안전운전불이행,포장 - 건조,맑음,단일로 - 기타,승용,남,42세,상해없음,승합,남,55세,경상
2022030800100057,2022년 3월 8일 08시,화요일,전라북도 전주시 덕진구 전미동2가,경상사고,0,0,1,0,차대차 - 측면충돌,신호위반,포장 - 건조,맑음,교차로 - 교차로안,승용,남,63세,상해없음,승합,남,44세,경상
2022030800100118,2022년 3월 8일 10시,화요일,전라북도 전주시 덕진구 팔복동2가,경상사고,0,0,1,0,차대차 - 측면충돌,교차로운행방법위반,포장 - 건조,맑음,교차로 - 교차로안,승용,남,47세,상해없음,승합,남,75세,경상
2022030800100169,2022년 3월 8일 12시,화요일,전라북도 전주시 덕진구 인후동1가,경상사고,0,0,1,0,차대사람 - 기타,안전운전불이행,포장 - 건조,맑음,교차로 - 교차로안,승용,남,59세,상해없음,보행자,남,43세,경상
2022030800100170,2022년 3월 8일 12시,화요일,전라북도 전주시 덕진구 금암동,중상사고,0,1,0,0,차대차 - 측면충돌,안전거리미확보,포장 - 건조,맑음,단일로 - 기타,승합,남,54세,상해없음,자전거,남,80세,중상
2022030800100220,2022년 3월 8일 14시,화요일,전라북도 전주시 덕진구 진북동,중상사고,0,1,0,0,차대차 - 측면충돌,신호위반,포장 - 건조,맑음,교차로 - 교차로부근,승용,남,54세,상해없음,이륜,남,42세,중상
2022030800100419,2022년 3월 8일 20시,화요일,전라북도 전주시 덕진구 송천동2가,경상사고,0,0,1,0,차대사람 - 기타,안전운전불이행,포장 - 건조,맑음,단일로 - 기타,승용,남,51세,상해없음,보행자,남,46세,경상
2022030900100043,2022년 3월 9일 05시,수요일,전라북도 전주시 완산구 중화산동2가,경상사고,0,0,2,0,차대차 - 정면충돌,과속,포장 - 건조,맑음,교차로 - 교차로안,승용,남,28세,상해없음,승용,남,52세,경상
2022030900100407,2022년 3월 9일 23시,수요일,전라북도 전주시 완산구 효자동3가,경상사고,0,0,1,0,차대사람 - 길가장자리구역통행중,안전운전불이행,포장 - 건조,맑음,기타 - 기타,승용,남,42세,상해없음,보행자,여,23세,경상
2022031000100176,2022년 3월 10일 12시,목요일,전라북도 전주시 완산구 중화산동2가,경상사고,0,0,2,0,차대차 - 추돌,안전운전불이행,포장 - 건조,맑음,교차로 - 교차로부근,승용,남,63세,상해없음,승용,여,39세,경상
2022031000100226,2022년 3월 10일 14시,목요일,전라북도 전주시 완산구 효자동3가,경상사고,0,0,2,0,차대차 - 기타,직진우회전진행방해,포장 - 건조,맑음,교차로 - 교차로안,승용,남,30세,상해없음,이륜,남,43세,경상
2022031100100018,2022년 3월 11일 04시,금요일,전라북도 전주시 완산구 서신동,경상사고,0,0,1,0,차대사람 - 횡단중,안전운전불이행,포장 - 건조,맑음,교차로 - 교차로횡단보도내,기타불명,기타불명,미분류,기타불명,보행자,남,25세,경상
2022031100100097,2022년 3월 11일 09시,금요일,전라북도 전주시 덕진구 팔복동2가,경상사고,0,0,1,0,차대차 - 측면충돌,중앙선침범,포장 - 건조,맑음,단일로 - 기타,화물,남,68세,상해없음,화물,남,58세,경상
2022031100100338,2022년 3월 11일 17시,금요일,전라북도 전주시 완산구 중화산동2가,중상사고,0,1,0,0,차대사람 - 기타,보행자보호의무위반,포장 - 건조,맑음,기타 - 기타,승용,여,72세,상해없음,보행자,여,75세,중상
2022031100100484,2022년 3월 11일 22시,금요일,전라북도 전주시 완산구 효자동3가,중상사고,0,1,1,0,차대사람 - 횡단중,안전운전불이행,포장 - 건조,맑음,교차로 - 교차로안,승용,남,57세,상해없음,보행자,남,52세,중상
2022031200100018,2022년 3월 12일 03시,토요일,전라북도 전주시 완산구 효자동3가,경상사고,0,0,3,0,차대차 - 측면충돌,신호위반,포장 - 건조,맑음,교차로 - 교차로안,승용,남,19세,경상,승용,남,33세,경상
2022031200100355,2022년 3월 12일 19시,토요일,전라북도 전주시 덕진구 전미동2가,중상사고,0,2,0,0,차대차 - 기타,신호위반,포장 - 건조,맑음,교차로 - 교차로안,승용,남,44세,상해없음,승용,여,55세,중상
2022031200100446,2022년 3월 12일 22시,토요일,전라북도 전주시 완산구 서서학동,경상사고,0,0,1,0,차대차 - 추돌,안전운전불이행,포장 - 건조,맑음,기타 - 기타,화물,남,57세,상해없음,승용,여,49세,경상
2022031200100480,2022년 3월 12일 23시,토요일,전라북도 전주시 완산구 효자동3가,경상사고,0,0,4,0,차대차 - 추돌,안전운전불이행,포장 - 건조,맑음,교차로 - 교차로부근,승용,남,61세,상해없음,승용,남,50세,경상
2022031300100035,2022년 3월 13일 07시,일요일,전라북도 전주시 완산구 서노송동,중상사고,0,1,2,0,차대사람 - 횡단중,신호위반,포장 - 젖음/습기,비,교차로 - 교차로횡단보도내,승합,남,57세,상해없음,보행자,여,54세,중상
2022031300100205,2022년 3월 13일 17시,일요일,전라북도 전주시 덕진구 중동,경상사고,0,0,1,0,차대사람 - 횡단중,보행자보호의무위반,포장 - 젖음/습기,비,교차로 - 교차로횡단보도내,승용,여,49세,상해없음,보행자,남,35세,경상
2022031300100327,2022년 3월 13일 23시,일요일,전라북도 전주시 덕진구 송천동1가,경상사고,0,0,1,0,차대사람 - 기타,안전운전불이행,포장 - 건조,맑음,단일로 - 기타,승용,여,30세,상해없음,보행자,남,52세,경상
2022031400100033,2022년 3월 14일 07시,월요일,전라북도 전주시 완산구 서노송동,경상사고,0,0,1,0,차대차 - 기타,신호위반,포장 - 건조,맑음,교차로 - 교차로부근,승용,남,66세,상해없음,이륜,남,71세,경상
2022031400100057,2022년 3월 14일 08시,월요일,전라북도 전주시 완산구 평화동2가,중상사고,0,1,0,0,차대차 - 측면충돌,직진우회전진행방해,포장 - 건조,맑음,교차로 - 교차로안,승용,여,22세,상해없음,자전거,여,59세,중상
2022031400100111,2022년 3월 14일 10시,월요일,전라북도 전주시 덕진구 금암동,경상사고,0,0,1,0,차대차 - 측면충돌,신호위반,포장 - 건조,맑음,교차로 - 교차로안,승용,남,32세,상해없음,승용,여,49세,경상
2022031400100226,2022년 3월 14일 14시,월요일,전라북도 전주시 덕진구 진북동,중상사고,0,1,0,0,차대사람 - 차도통행중,안전운전불이행,포장 - 젖음/습기,비,단일로 - 기타,승용,남,44세,상해없음,보행자,남,69세,중상
2022031400100395,2022년 3월 14일 20시,월요일,전라북도 전주시 덕진구 금암동,경상사고,0,0,2,0,차대사람 - 횡단중,신호위반,포장 - 건조,맑음,단일로 - 기타,이륜,남,18세,상해없음,보행자,남,26세,경상
2022031500100081,2022년 3월 15일 08시,화요일,전라북도 전주시 덕진구 여의동,경상사고,0,0,1,0,차대사람 - 기타,안전운전불이행,포장 - 건조,맑음,단일로 - 기타,승용,남,53세,상해없음,보행자,여,23세,경상
2022031500100375,2022년 3월 15일 19시,화요일,전라북도 전주시 완산구 중화산동2가,중상사고,0,1,0,0,차대차 - 기타,안전운전불이행,포장 - 건조,맑음,단일로 - 기타,승용,남,70세,상해없음,이륜,남,40세,중상
2022031600100053,2022년 3월 16일 07시,수요일,전라북도 전주시 덕진구 여의동,경상사고,0,0,2,0,차대차 - 추돌,안전운전불이행,포장 - 건조,맑음,교차로 - 교차로안,승합,남,60세,상해없음,승용,여,48세,경상
2022031600100107,2022년 3월 16일 09시,수요일,전라북도 전주시 덕진구 송천동2가,중상사고,0,1,0,0,차대차 - 추돌,안전거리미확보,포장 - 건조,맑음,단일로 - 기타,화물,남,76세,상해없음,화물,남,28세,중상
2022031600100319,2022년 3월 16일 17시,수요일,전라북도 전주시 덕진구 팔복동2가,경상사고,0,0,1,0,차대차 - 후진중충돌,안전운전불이행,포장 - 건조,맑음,교차로 - 교차로부근,승용,남,54세,상해없음,승용,남,25세,경상
2022031700100261,2022년 3월 17일 17시,목요일,전라북도 전주시 완산구 서신동,경상사고,0,0,1,0,차대차 - 정면충돌,신호위반,포장 - 젖음/습기,비,교차로 - 교차로안,승용,여,52세,상해없음,승용,남,35세,경상