사고번호,사고일시,요일,시군구,사고내용,사망자수,중상자수,경상자수,부상신고자수,사고유형,법규위반,노면상태,기상상태,도로형태,가해운전자 차종,가해운전자 성별,가해운전자 연령,가해운전자 상해정도,피해운전자 차종,피해운전자 성별,피해운전자 연령,피해운전자 상해정도
2022042800100305,2022년 4월 28일 14시,목요일,전라북도 전주시 덕진구 인후동1가,경상사고,0,0,2,0,차대차 - 측면충돌,안전운전불이행,포장 - 건조,맑음,교차로 - 교차로안,승용,남,49세,상해없음,승용,남,60세,경상
2022042800100455,2022년 4월 28일 18시,목요일,전라북도 전주시 덕진구 송천동2가,경상사고,0,0,1,0,차대사람 - 기타,안전운전불이행,포장 - 건조,맑음,교차로 - 교차로안,원동기,남,40세,상해없음,보행자,여,4세,경상
2022042800100534,2022년 4월 28일 20시,목요일,전라북도 전주시 덕진구 인후동1가,경상사고,0,0,1,0,차대사람 - 횡단중,보행자보호의무위반,포장 - 건조,맑음,단일로 - 기타,승용,남,27세,상해없음,보행자,남,11세,경상
2022042900100069,2022년 4월 29일 05시,금요일,전라북도 전주시 완산구 효자동3가,경상사고,0,0,2,0,차대차 - 정면충돌,신호위반,포장 - 젖음/습기,비,교차로 - 교차로안,승용,여,45세,상해없음,승용,남,61세,경상
2022042900100083,2022년 4월 29일 06시,금요일,전라북도 전주시 덕진구 인후동1가,경상사고,0,0,1,0,차대차 - 측면충돌,신호위반,포장 - 건조,맑음,교차로 - 교차로안,승합,남,56세,상해없음,승용,남,66세,경상
2022042900100143,2022년 4월 29일 08시,금요일,전라북도 전주시 완산구 중화산동2가,경상사고,0,0,1,0,차대사람 - 차도통행중,안전운전불이행,포장 - 건조,맑음,기타 - 기타,승용,여,62세,상해없음,보행자,여,25세,경상
2022042900100177,2022년 4월 29일 09시,금요일,전라북도 전주시 덕진구 인후동1가,중상사고,0,1,0,0,차대차 - 기타,안전운전불이행,포장 - 건조,맑음,단일로 - 기타,승용,남,81세,상해없음,이륜,남,52세,중상
2022042900100349,2022년 4월 29일 14시,금요일,전라북도 전주시 덕진구 진북동,중상사고,0,1,0,0,차대차 - 측면충돌,안전운전불이행,포장 - 건조,맑음,단일로 - 기타,승용,남,83세,상해없음,자전거,여,65세,중상
2022042900100378,2022년 4월 29일 15시,금요일,전라북도 전주시 완산구 중화산동1가,경상사고,0,0,1,0,차대차 - 추돌,안전거리미확보,포장 - 건조,맑음,단일로 - 기타,승용,남,38세,상해없음,승용,남,28세,경상
2022043000100105,2022년 4월 30일 09시,토요일,전라북도 전주시 완산구 효자동3가,경상사고,0,0,2,0,차대차 - 측면충돌,신호위반,포장 - 건조,맑음,교차로 - 교차로안,승용,남,44세,상해없음,승용,남,29세,경상
2022043000100157,2022년 4월 30일 11시,토요일,전라북도 전주시 완산구 중화산동2가,경상사고,0,0,2,0,차대차 - 기타,교차로운행방법위반,포장 - 건조,맑음,교차로 - 교차로안,승용,남,27세,상해없음,승용,남,30세,경상
2022043000100520,2022년 4월 30일 22시,토요일,전라북도 전주시 덕진구 진북동,중상사고,0,1,4,0,차대차 - 측면충돌,신호위반,포장 - 건조,맑음,교차로 - 교차로안,화물,남,32세,상해없음,이륜,남,45세,중상
2022050100100017,2022년 5월 1일 01시,일요일,전라북도 전주시 덕진구 우아동2가,중상사고,0,1,0,0,차대사람 - 기타,안전운전불이행,포장 - 건조,맑음,단일로 - 기타,승용,남,29세,상해없음,보행자,남,31세,중상
2022050100100256,2022년 5월 1일 15시,일요일,전라북도 전주시 덕진구 호성동2가,경상사고,0,0,4,0,차대차 - 측면충돌,신호위반,포장 - 건조,맑음,교차로 - 교차로안,승용,남,72세,상해없음,승용,여,35세,경상
2022050200100178,2022년 5월 2일 10시,월요일,전라북도 전주시 완산구 효자동1가,경상사고,0,0,1,0,차대차 - 추돌,안전운전불이행,포장 - 건조,맑음,단일로 - 기타,승용,남,41세,상해없음,승용,남,31세,경상
2022050200100249,2022년 5월 2일 12시,월요일,전라북도 전주시 덕진구 인후동2가,경상사고,0,0,1,0,차대차 - 측면충돌,안전운전불이행,포장 - 건조,맑음,단일로 - 기타,승용,남,72세,상해없음,승용,남,43세,경상
2022050200100345,2022년 5월 2일 15시,월요일,전라북도 전주시 완산구 평화동1가,중상사고,0,1,0,0,차량단독 - 기타,기타,포장 - 건조,맑음,단일로 - 기타,승합,남,51세,상해없음,,,,
2022050200100390,2022년 5월 2일 16시,월요일,전라북도 전주시 완산구 효자동2가,경상사고,0,0,1,0,차대차 - 추돌,불법유턴,포장 - 건조,맑음,단일로 - 기타,승용,남,67세,상해없음,승용,여,49세,경상
2022050200100439,2022년 5월 2일 17시,월요일,전라북도 전주시 완산구 중화산동1가,경상사고,0,0,1,0,차대차 - 추돌,안전운전불이행,포장 - 건조,맑음,단일로 - 기타,승합,남,73세,상해없음,승용,여,31세,경상
2022050200100510,2022년 5월 2일 19시,월요일,전라북도 전주시 완산구 효자동1가,경상사고,0,0,1,0,차대차 - 추돌,안전운전불이행,포장 - 건조,맑음,교차로 - 교차로부근,승용,남,72세,상해없음,승용,남,28세,경상
2022050200100543,2022년 5월 2일 20시,월요일,전라북도 전주시 완산구 효자동1가,경상사고,0,0,1,0,차대차 - 정면충돌,신호위반,포장 - 건조,맑음,교차로 - 교차로횡단보도내,승용,남,58세,상해없음,자전거,여,22세,경상
2022050200100544,2022년 5월 2일 20시,월요일,전라북도 전주시 완산구 동서학동,경상사고,0,0,2,0,차대차 - 측면충돌,직진우회전진행방해,포장 - 건조,맑음,교차로 - 교차로안,승용,남,66세,상해없음,승용,여,24세,경상
2022050300100172,2022년 5월 3일 10시,화요일,전라북도 전주시 덕진구 인후동1가,경상사고,0,0,1,0,차대차 - 측면충돌,안전거리미확보,포장 - 건조,맑음,단일로 - 기타,승용,여,30세,상해없음,승용,남,36세,경상
2022050300100212,2022년 5월 3일 11시,화요일,전라북도 전주시 완산구 서신동,사망사고,1,0,0,0,차대차 - 측면충돌,안전운전불이행,포장 - 건조,맑음,기타 - 기타,자전거,남,87세,사망,승용,남,75세,상해없음
2022050300100392,2022년 5월 3일 16시,화요일,전라북도 전주시 덕진구 금암동,경상사고,0,0,1,0,차대차 - 측면충돌,신호위반,포장 - 건조,맑음,교차로 - 교차로안,승용,여,51세,상해없음,화물,남,22세,경상
2022050400100126,2022년 5월 4일 08시,수요일,전라북도 전주시 완산구 서신동,경상사고,0,0,1,0,차대차 - 후진중충돌,안전운전불이행,포장 - 건조,맑음,단일로 - 기타,승용,여,33세,상해없음,승용,남,29세,경상
2022050400100227,2022년 5월 4일 10시,수요일,전라북도 전주시 완산구 서신동,경상사고,0,0,1,0,차대차 - 추돌,안전운전불이행,포장 - 건조,맑음,교차로 - 교차로안,승용,남,22세,상해없음,승용,여,57세,경상
2022050400100228,2022년 5월 4일 10시,수요일,전라북도 전주시 덕진구 송천동1가,사망사고,1,0,0,0,차대차 - 측면충돌,안전운전불이행,포장 - 건조,맑음,교차로 - 교차로안,이륜,남,83세,사망,승용,남,82세,상해없음
2022050400100261,2022년 5월 4일 11시,수요일,전라북도 전주시 완산구 효자동1가,중상사고,0,1,0,0,차대사람 - 횡단중,보행자보호의무위반,포장 - 건조,맑음,교차로 - 교차로안,승용,여,70세,상해없음,보행자,여,69세,중상
2022050400100361,2022년 5월 4일 14시,수요일,전라북도 전주시 완산구 효자동1가,경상사고,0,0,1,0,차대차 - 추돌,안전운전불이행,포장 - 건조,맑음,단일로 - 기타,화물,남,42세,상해없음,승용,여,54세,경상
2022050400100433,2022년 5월 4일 16시,수요일,전라북도 전주시 완산구 대성동,경상사고,0,0,1,0,차대차 - 측면충돌,안전운전불이행,포장 - 건조,맑음,교차로 - 교차로안,화물,남,69세,상해없음,자전거,남,80세,경상
2022050400100485,2022년 5월 4일 17시,수요일,전라북도 전주시 완산구 대성동,경상사고,0,0,1,0,차대차 - 추돌,안전운전불이행,포장 - 건조,맑음,교차로 - 교차로안,이륜,남,74세,상해없음,승용,여,21세,경상
2022050400100486,2022년 5월 4일 17시,수요일,전라북도 전주시 완산구 효자동3가,경상사고,0,0,2,0,차대차 - 측면충돌,안전운전불이행,포장 - 건조,맑음,교차로 - 교차로안,승용,남,61세,상해없음,승용,남,78세,경상
2022050400100553,2022년 5월 4일 18시,수요일,전라북도 전주시 덕진구 우아동2가,경상사고,0,0,1,0,차대차 - 측면충돌,교차로운행방법위반,포장 - 건조,맑음,교차로 - 교차로안,승용,여,22세,상해없음,이륜,남,17세,경상
2022050500100053,2022년 5월 5일 04시,목요일,전라북도 전주시 완산구 서신동,경상사고,0,0,1,0,차대차 - 기타,안전운전불이행,포장 - 건조,맑음,기타 - 기타,기타불명,기타불명,미분류,기타불명,이륜,남,62세,경상
2022050500100076,2022년 5월 5일 07시,목요일,전라북도 전주시 덕진구 호성동1가,중상사고,0,1,0,0,차대차 - 측면충돌,신호위반,포장 - 건조,맑음,교차로 - 교차로횡단보도내,화물,남,63세,상해없음,자전거,남,69세,중상
2022050500100089,2022년 5월 5일 08시,목요일,전라북도 전주시 덕진구 덕진동2가,중상사고,0,1,0,0,차대사람 - 횡단중,보행자보호의무위반,포장 - 건조,맑음,교차로 - 교차로횡단보도내,승용,남,64세,상해없음,보행자,여,72세,중상
2022050500100189,2022년 5월 5일 12시,목요일,전라북도 전주시 완산구 중화산동2가,경상사고,0,0,1,0,차대차 - 추돌,안전운전불이행,포장 - 건조,맑음,단일로 - 기타,승용,남,29세,상해없음,승용,남,74세,경상
2022050500100190,2022년 5월 5일 12시,목요일,전라북도 전주시 덕진구 반월동,경상사고,0,0,3,0,차대차 - 추돌,안전운전불이행,포장 - 건조,맑음,교차로 - 교차로부근,승용,남,54세,상해없음,승용,남,39세,경상
2022050500100220,2022년 5월 5일 13시,목요일,전라북도 전주시 완산구 효자동2가,경상사고,0,0,1,0,차대사람 - 횡단중,보행자보호의무위반,포장 - 건조,맑음,교차로 - 교차로부근,승용,여,25세,상해없음,보행자,여,23세,경상
2022050500100221,2022년 5월 5일 13시,목요일,전라북도 전주시 완산구 전동,경상사고,0,0,1,0,차대차 - 기타,안전운전불이행,포장 - 건조,맑음,주차장 - 주차장,화물,남,70세,상해없음,승용,남,52세,경상
2022050500100268,2022년 5월 5일 14시,목요일,전라북도 전주시 완산구 서완산동1가,경상사고,0,0,1,0,차대차 - 측면충돌,신호위반,포장 - 건조,맑음,교차로 - 교차로안,승용,남,38세,상해없음,승용,남,53세,경상
2022050500100473,2022년 5월 5일 20시,목요일,전라북도 전주시 완산구 서완산동1가,중상사고,0,1,0,0,차대사람 - 기타,안전운전불이행,포장 - 건조,맑음,교차로 - 교차로안,승합,남,57세,상해없음,보행자,여,75세,중상
2022050600100008,2022년 5월 6일 00시,금요일,전라북도 전주시 완산구 중노송동,경상사고,0,0,4,0,차대차 - 추돌,안전운전불이행,포장 - 건조,맑음,단일로 - 기타,승용,남,27세,상해없음,승용,남,19세,경상
2022050600100113,2022년 5월 6일 09시,금요일,전라북도 전주시 완산구 평화동2가,경상사고,0,0,1,0,차대차 - 기타,교차로운행방법위반,포장 - 건조,맑음,교차로 - 교차로안,승용,남,80세,상해없음,승합,남,60세,상해없음
2022050600100193,2022년 5월 6일 11시,금요일,전라북도 전주시 완산구 평화동2가,중상사고,0,1,0,0,차대사람 - 기타,보행자보호의무위반,포장 - 건조,맑음,기타 - 기타,승용,여,56세,기타불명,보행자,여,52세,중상
2022050600100460,2022년 5월 6일 17시,금요일,전라북도 전주시 덕진구 인후동2가,중상사고,0,2,0,0,차대차 - 기타,신호위반,포장 - 건조,맑음,교차로 - 교차로부근,승용,남,32세,상해없음,승용,남,64세,중상
2022050600100518,2022년 5월 6일 18시,금요일,전라북도 전주시 완산구 중화산동2가,중상사고,0,1,1,0,차대차 - 측면충돌,안전운전불이행,포장 - 건조,맑음,단일로 - 기타,승용,남,60세,상해없음,자전거,남,15세,중상
2022050600100519,2022년 5월 6일 18시,금요일,전라북도 전주시 완산구 서완산동2가,경상사고,0,0,1,0,차대차 - 추돌,안전운전불이행,포장 - 건조,맑음,단일로 - 기타,승용,여,61세,상해없음,승용,남,25세,경상
2022050600100520,2022년 5월 6일 18시,금요일,전라북도 전주시 덕진구 진북동,중상사고,0,1,0,0,차대사람 - 횡단중,보행자보호의무위반,포장 - 건조,맑음,단일로 - 기타,승용,남,35세,상해없음,보행자,여,76세,중상
2022050600100566,2022년 5월 6일 19시,금요일,전라북도 전주시 완산구 효자동1가,경상사고,0,0,2,0,차대차 - 정면충돌,안전운전불이행,포장 - 건조,맑음,주차장 - 주차장,이륜,남,22세,경상,승용,여,29세,경상
2022050600100567,2022년 5월 6일 19시,금요일,전라북도 전주시 완산구 삼천동1가,경상사고,0,0,2,0,차대차 - 추돌,안전운전불이행,포장 - 건조,맑음,단일로 - 기타,승용,남,69세,상해없음,승용,남,27세,경상
2022050600100592,2022년 5월 6일 20시,금요일,전라북도 전주시 완산구 효자동3가,경상사고,0,0,3,0,차대차 - 정면충돌,중앙선침범,포장 - 건조,맑음,단일로 - 기타,승용,남,60세,경상,승용,남,23세,경상
2022050600100648,2022년 5월 6일 22시,금요일,전라북도 전주시 완산구 중화산동1가,경상사고,0,0,1,0,차대사람 - 차도통행중,안전운전불이행,포장 - 건조,맑음,단일로 - 기타,승용,남,30세,상해없음,보행자,남,54세,경상
2022050700100021,2022년 5월 7일 02시,토요일,전라북도 전주시 덕진구 고랑동,사망사고,1,1,0,0,차량단독 - 도로외이탈 - 추락,안전운전불이행,포장 - 건조,맑음,단일로 - 기타,승용,남,28세,사망,,,,
2022050700100087,2022년 5월 7일 09시,토요일,전라북도 전주시 덕진구 금암동,경상사고,0,0,2,0,차대차 - 추돌,안전운전불이행,포장 - 건조,맑음,교차로 - 교차로안,기타불명,기타불명,미분류,기타불명,승용,여,57세,경상
2022050700100178,2022년 5월 7일 12시,토요일,전라북도 전주시 완산구 평화동1가,경상사고,0,0,1,0,차대사람 - 횡단중,안전운전불이행,포장 - 건조,맑음,단일로 - 기타,원동기,남,27세,상해없음,보행자,남,16세,경상
2022050800100047,2022년 5월 8일 05시,일요일,전라북도 전주시 완산구 효자동3가,중상사고,0,2,1,0,차량단독 - 기타,안전운전불이행,포장 - 건조,맑음,교차로 - 교차로안,이륜,남,19세,중상,,,,
2022050800100096,2022년 5월 8일 10시,일요일,전라북도 전주시 완산구 삼천동1가,중상사고,0,1,0,0,차대사람 - 횡단중,보행자보호의무위반,포장 - 건조,맑음,교차로 - 교차로횡단보도내,이륜,남,26세,상해없음,보행자,남,66세,중상
2022050800100449,2022년 5월 8일 21시,일요일,전라북도 전주시 덕진구 용정동,경상사고,0,0,3,0,차대차 - 추돌,안전운전불이행,포장 - 건조,맑음,단일로 - 기타,승용,남,51세,상해없음,화물,남,52세,경상
2022050900100142,2022년 5월 9일 09시,월요일,전라북도 전주시 완산구 중노송동,경상사고,0,0,1,0,차대사람 - 횡단중,신호위반,포장 - 건조,맑음,교차로 - 교차로횡단보도내,승합,남,50세,상해없음,보행자,여,64세,경상
2022050900100498,2022년 5월 9일 18시,월요일,전라북도 전주시 완산구 중화산동2가,경상사고,0,0,2,0,차대차 - 추돌,안전운전불이행,포장 - 건조,맑음,교차로 - 교차로안,승용,남,42세,상해없음,승용,여,27세,경상
2022050900100533,2022년 5월 9일 19시,월요일,전라북도 전주시 완산구 평화동2가,중상사고,0,1,0,0,차대사람 - 횡단중,신호위반,포장 - 건조,맑음,교차로 - 교차로횡단보도내,화물,남,66세,상해없음,보행자,여,60세,중상
2022050900100583,2022년 5월 9일 21시,월요일,전라북도 전주시 완산구 남노송동,경상사고,0,0,2,0,차대차 - 추돌,안전운전불이행,포장 - 건조,맑음,교차로 - 교차로부근,승용,남,69세,상해없음,승용,남,52세,경상
2022050900100584,2022년 5월 9일 21시,월요일,전라북도 전주시 완산구 효자동1가,경상사고,0,0,2,0,차대차 - 측면충돌,신호위반,포장 - 건조,맑음,교차로 - 교차로부근,승용,남,45세,기타불명,승용,여,52세,경상
2022051000100030,2022년 5월 10일 03시,화요일,전라북도 전주시 완산구 효자동3가,경상사고,0,0,1,0,차대사람 - 횡단중,보행자보호의무위반,포장 - 건조,맑음,교차로 - 교차로횡단보도내,승용,남,25세,상해없음,보행자,남,42세,경상
2022051000100158,2022년 5월 10일 09시,화요일,전라북도 전주시 완산구 평화동1가,경상사고,0,0,1,0,차대사람 - 횡단중,보행자보호의무위반,포장 - 건조,맑음,교차로 - 교차로횡단보도내,승합,남,36세,상해없음,보행자,여,81세,경상
2022051000100159,2022년 5월 10일 09시,화요일,전라북도 전주시 완산구 삼천동1가,중상사고,0,1,0,0,차대사람 - 횡단중,안전운전불이행,포장 - 건조,맑음,교차로 - 교차로안,승용,남,68세,상해없음,보행자,여,53세,중상
2022051000100260,2022년 5월 10일 12시,화요일,전라북도 전주시 덕진구 장동,중상사고,0,1,0,0,차대차 - 정면충돌,안전운전불이행,포장 - 건조,맑음,교차로 - 교차로안,승용,여,71세,상해없음,승용,여,31세,중상
2022051000100412,2022년 5월 10일 16시,화요일,전라북도 전주시 완산구 삼천동1가,중상사고,0,1,0,0,차대사람 - 횡단중,보행자보호의무위반,포장 - 건조,맑음,교차로 - 교차로횡단보도내,승용,여,71세,상해없음,보행자,남,6세,중상
2022051000100413,2022년 5월 10일 16시,화요일,전라북도 전주시 덕진구 팔복동1가,경상사고,0,0,1,0,차대차 - 측면충돌,안전운전불이행,포장 - 건조,맑음,교차로 - 교차로안,화물,남,27세,상해없음,승용,남,66세,경상
2022051000100612,2022년 5월 10일 23시,화요일,전라북도 전주시 덕진구 금암동,경상사고,0,0,1,0,차대사람 - 횡단중,안전운전불이행,포장 - 건조,맑음,교차로 - 교차로안,승용,남,20세,상해없음,보행자,남,46세,경상
2022051100100012,2022년 5월 11일 01시,수요일,전라북도 전주시 덕진구 송천동2가,경상사고,0,0,1,0,차대사람 - 기타,안전운전불이행,포장 - 건조,맑음,단일로 - 기타,승용,남,57세,상해없음,보행자,남,25세,경상
2022051100100164,2022년 5월 11일 10시,수요일,전라북도 전주시 완산구 경원동1가,경상사고,0,0,1,0,차량단독 - 기타,기타,포장 - 건조,맑음,기타 - 기타,승합,남,47세,상해없음,,,,
2022051100100186,2022년 5월 11일 11시,수요일,전라북도 전주시 완산구 효자동2가,경상사고,0,0,2,0,차대사람 - 횡단중,보행자보호의무위반,포장 - 건조,맑음,기타 - 기타,승합,남,52세,상해없음,보행자,여,20세,경상
2022051100100187,2022년 5월 11일 11시,수요일,전라북도 전주시 완산구 평화동2가,경상사고,0,0,3,0,차대차 - 측면충돌,안전운전불이행,포장 - 건조,맑음,교차로 - 교차로안,이륜,남,46세,경상,승용,남,34세,경상
2022051100100402,2022년 5월 11일 17시,수요일,전라북도 전주시 완산구 삼천동1가,중상사고,0,1,0,0,차대사람 - 횡단중,보행자보호의무위반,포장 - 건조,맑음,교차로 - 교차로횡단보도내,승용,남,33세,상해없음,보행자,여,7세,중상
2022051100100442,2022년 5월 11일 18시,수요일,전라북도 전주시 덕진구 진북동,경상사고,0,0,1,0,차대차 - 측면충돌,안전운전불이행,포장 - 건조,맑음,단일로 - 기타,승용,남,66세,상해없음,승용,남,32세,경상
2022051100100484,2022년 5월 11일 19시,수요일,전라북도 전주시 덕진구 인후동2가,경상사고,0,0,1,0,차대차 - 측면충돌,차로위반,포장 - 건조,맑음,단일로 - 기타,승합,남,47세,상해없음,승용,여,28세,경상
2022051200100060,2022년 5월 12일 06시,목요일,전라북도 전주시 덕진구 송천동2가,경상사고,0,0,1,0,차대차 - 정면충돌,신호위반,포장 - 건조,맑음,단일로 - 기타,승용,여,25세,상해없음,승용,여,28세,경상
2022051200100076,2022년 5월 12일 07시,목요일,전라북도 전주시 완산구 중인동,경상사고,0,0,1,0,차대차 - 기타,중앙선침범,포장 - 건조,맑음,단일로 - 기타,승용,남,61세,상해없음,화물,남,73세,경상
2022051200100263,2022년 5월 12일 13시,목요일,전라북도 전주시 완산구 중노송동,경상사고,0,0,1,0,차대차 - 측면충돌,안전운전불이행,포장 - 건조,맑음,단일로 - 기타,승용,남,54세,상해없음,승용,남,39세,경상
2022051200100264,2022년 5월 12일 13시,목요일,전라북도 전주시 덕진구 금암동,경상사고,0,0,1,0,차대차 - 측면충돌,안전운전불이행,포장 - 건조,맑음,교차로 - 교차로부근,승용,남,68세,상해없음,승용,남,64세,경상
2022051200100296,2022년 5월 12일 14시,목요일,전라북도 전주시 덕진구 산정동,경상사고,0,0,1,0,차대차 - 측면충돌,안전운전불이행,포장 - 건조,맑음,단일로 - 기타,승용,여,49세,상해없음,승용,여,34세,경상
2022051200100584,2022년 5월 12일 22시,목요일,전라북도 전주시 완산구 중화산동2가,경상사고,0,0,1,0,차대차 - 추돌,안전운전불이행,포장 - 건조,맑음,기타 - 기타,승용,여,50세,상해없음,승용,여,41세,경상
2022051300100360,2022년 5월 13일 15시,금요일,전라북도 전주시 덕진구 팔복동1가,경상사고,0,0,1,0,차대차 - 측면충돌,안전운전불이행,포장 - 건조,맑음,단일로 - 기타,승용,여,63세,상해없음,자전거,남,25세,경상
2022051300100434,2022년 5월 13일 17시,금요일,전라북도 전주시 완산구 중화산동2가,경상사고,0,0,2,0,차대차 - 측면충돌,신호위반,포장 - 건조,맑음,단일로 - 기타,화물,여,52세,상해없음,승용,남,28세,경상
2022051300100435,2022년 5월 13일 17시,금요일,전라북도 전주시 완산구 효자동3가,경상사고,0,0,1,0,차대사람 - 횡단중,안전운전불이행,포장 - 건조,맑음,단일로 - 기타,승용,남,55세,상해없음,보행자,남,6세,경상
2022051300100490,2022년 5월 13일 18시,금요일,전라북도 전주시 완산구 효자동1가,경상사고,0,0,1,0,차대사람 - 기타,안전운전불이행,포장 - 건조,맑음,교차로 - 교차로안,승용,남,65세,상해없음,보행자,여,71세,경상
2022051300100589,2022년 5월 13일 20시,금요일,전라북도 전주시 덕진구 송천동2가,경상사고,0,0,1,0,차대차 - 측면충돌,신호위반,포장 - 건조,맑음,교차로 - 교차로안,이륜,남,40세,기타불명,승용,남,57세,경상
2022051300100621,2022년 5월 13일 21시,금요일,전라북도 전주시 완산구 평화동1가,중상사고,0,1,0,0,차대사람 - 기타,안전운전불이행,포장 - 건조,맑음,단일로 - 기타,승합,남,56세,상해없음,보행자,여,67세,중상
2022051300100672,2022년 5월 13일 23시,금요일,전라북도 전주시 완산구 삼천동1가,경상사고,0,0,1,0,차대차 - 후진중충돌,안전운전불이행,포장 - 건조,맑음,단일로 - 기타,승용,남,44세,상해없음,승용,여,30세,경상
2022051400100018,2022년 5월 14일 01시,토요일,전라북도 전주시 완산구 효자동1가,중상사고,0,1,1,0,차대차 - 측면충돌,신호위반,포장 - 건조,맑음,교차로 - 교차로안,이륜,남,55세,중상,승용,남,50세,경상
2022051400100235,2022년 5월 14일 12시,토요일,전라북도 전주시 완산구 효자동2가,경상사고,0,0,1,0,차대차 - 측면충돌,안전운전불이행,포장 - 건조,맑음,단일로 - 기타,승용,여,58세,상해없음,승용,남,31세,경상
2022051400100236,2022년 5월 14일 12시,토요일,전라북도 전주시 덕진구 덕진동1가,경상사고,0,0,2,0,차대차 - 측면충돌,교차로운행방법위반,포장 - 건조,맑음,교차로 - 교차로안,승용,남,64세,상해없음,승용,남,44세,경상
2022051400100368,2022년 5월 14일 15시,토요일,전라북도 전주시 덕진구 송천동2가,경상사고,0,0,1,0,차대차 - 기타,안전운전불이행,포장 - 건조,맑음,교차로 - 교차로안,승용,남,51세,상해없음,승용,남,55세,경상
2022051400100413,2022년 5월 14일 16시,토요일,전라북도 전주시 덕진구 송천동2가,경상사고,0,0,1,0,차대차 - 측면충돌,안전운전불이행,포장 - 건조,맑음,단일로 - 기타,승합,남,64세,기타불명,승용,여,33세,경상
2022051400100534,2022년 5월 14일 19시,토요일,전라북도 전주시 완산구 서신동,경상사고,0,0,1,0,차대차 - 측면충돌,안전운전불이행,포장 - 건조,맑음,교차로 - 교차로안,승용,남,32세,상해없음,이륜,남,24세,경상
2022051500100082,2022년 5월 15일 06시,일요일,전라북도 전주시 완산구 삼천동1가,경상사고,0,0,2,0,차대차 - 측면충돌,안전운전불이행,포장 - 건조,맑음,단일로 - 기타,승용,남,54세,경상,승용,남,19세,경상
2022051600100105,2022년 5월 16일 08시,월요일,전라북도 전주시 완산구 서신동,경상사고,0,0,1,0,차대사람 - 횡단중,보행자보호의무위반,포장 - 건조,맑음,교차로 - 교차로횡단보도내,승용,여,56세,상해없음,보행자,여,14세,경상
2022051600100150,2022년 5월 16일 09시,월요일,전라북도 전주시 완산구 효자동1가,중상사고,0,1,0,0,차대사람 - 횡단중,신호위반,포장 - 건조,맑음,교차로 - 교차로횡단보도내,화물,남,65세,상해없음,보행자,여,76세,중상
2022051600100360,2022년 5월 16일 15시,월요일,전라북도 전주시 완산구 서신동,경상사고,0,0,1,0,차대사람 - 기타,안전운전불이행,포장 - 건조,맑음,교차로 - 교차로횡단보도내,화물,남,74세,상해없음,보행자,남,76세,경상
2022051600100446,2022년 5월 16일 17시,월요일,전라북도 전주시 덕진구 덕진동2가,경상사고,0,0,1,0,차대차 - 측면충돌,신호위반,포장 - 건조,맑음,교차로 - 교차로안,승용,여,58세,상해없음,이륜,남,32세,경상
2022051600100485,2022년 5월 16일 18시,월요일,전라북도 전주시 덕진구 송천동1가,중상사고,0,1,0,0,차대사람 - 횡단중,보행자보호의무위반,포장 - 건조,맑음,교차로 - 교차로안,승용,여,45세,상해없음,보행자,남,8세,중상
2022051700100098,2022년 5월 17일 08시,화요일,전라북도 전주시 덕진구 팔복동3가,경상사고,0,0,1,0,차대차 - 측면충돌,안전운전불이행,포장 - 건조,맑음,교차로 - 교차로안,승용,남,53세,상해없음,승용,여,21세,경상
2022051700100167,2022년 5월 17일 10시,화요일,전라북도 전주시 완산구 효자동2가,경상사고,0,0,1,0,차대차 - 측면충돌,안전운전불이행,포장 - 건조,맑음,단일로 - 기타,화물,남,63세,상해없음,승용,남,39세,경상
2022051700100168,2022년 5월 17일 10시,화요일,전라북도 전주시 완산구 서서학동,경상사고,0,0,1,0,차대차 - 측면충돌,안전운전불이행,포장 - 건조,맑음,단일로 - 기타,승합,남,54세,상해없음,승용,남,31세,경상
2022051700100233,2022년 5월 17일 12시,화요일,전라북도 전주시 완산구 효자동3가,경상사고,0,0,1,0,차대사람 - 보도통행중,기타,포장 - 건조,맑음,단일로 - 기타,승용,남,23세,상해없음,보행자,여,21세,경상
2022051700100304,2022년 5월 17일 14시,화요일,전라북도 전주시 완산구 중화산동2가,중상사고,0,1,0,0,차대차 - 측면충돌,안전운전불이행,포장 - 건조,맑음,교차로 - 교차로안,승용,여,51세,상해없음,자전거,남,80세,중상
2022051700100421,2022년 5월 17일 17시,화요일,전라북도 전주시 완산구 경원동1가,중상사고,0,1,0,0,차대사람 - 횡단중,안전운전불이행,포장 - 건조,맑음,단일로 - 기타,승용,남,52세,상해없음,보행자,남,4세,중상
2022051700100422,2022년 5월 17일 17시,화요일,전라북도 전주시 완산구 중인동,경상사고,0,0,1,0,차대차 - 정면충돌,중앙선침범,포장 - 건조,맑음,단일로 - 기타,승용,남,42세,상해없음,승용,남,50세,경상
2022051700100478,2022년 5월 17일 18시,화요일,전라북도 전주시 완산구 고사동,경상사고,0,0,1,0,차대사람 - 횡단중,보행자보호의무위반,포장 - 건조,맑음,단일로 - 기타,승합,남,50세,상해없음,보행자,여,19세,경상
2022051700100479,2022년 5월 17일 18시,화요일,전라북도 전주시 덕진구 반월동,경상사고,0,0,1,0,차대차 - 측면충돌,신호위반,포장 - 건조,맑음,교차로 - 교차로안,승용,남,48세,상해없음,승용,남,63세,경상