사고번호,사고일시,요일,시군구,사고내용,사망자수,중상자수,경상자수,부상신고자수,사고유형,법규위반,노면상태,기상상태,도로형태,가해운전자 차종,가해운전자 성별,가해운전자 연령,가해운전자 상해정도,피해운전자 차종,피해운전자 성별,피해운전자 연령,피해운전자 상해정도
2022051700100564,2022년 5월 17일 21시,화요일,전라북도 전주시 덕진구 우아동3가,경상사고,0,0,1,0,차대사람 - 차도통행중,안전운전불이행,포장 - 건조,맑음,단일로 - 기타,승용,남,57세,상해없음,보행자,남,52세,경상
2022051800100075,2022년 5월 18일 07시,수요일,전라북도 전주시 덕진구 송천동2가,경상사고,0,0,1,0,차대차 - 측면충돌,신호위반,포장 - 건조,맑음,교차로 - 교차로안,승용,여,57세,상해없음,승용,남,43세,경상
2022051800100105,2022년 5월 18일 08시,수요일,전라북도 전주시 완산구 효자동1가,경상사고,0,0,1,0,차대사람 - 횡단중,안전운전불이행,포장 - 건조,맑음,단일로 - 기타,승용,여,60세,상해없음,보행자,남,55세,경상
2022051800100287,2022년 5월 18일 14시,수요일,전라북도 전주시 완산구 서신동,중상사고,0,1,0,0,차대차 - 측면충돌,안전운전불이행,포장 - 건조,맑음,교차로 - 교차로안,승용,여,52세,상해없음,이륜,남,39세,중상
2022051800100481,2022년 5월 18일 18시,수요일,전라북도 전주시 완산구 중화산동2가,경상사고,0,0,1,0,차대차 - 측면충돌,직진우회전진행방해,포장 - 건조,맑음,교차로 - 교차로안,승용,남,31세,상해없음,이륜,남,25세,경상
2022051800100482,2022년 5월 18일 18시,수요일,전라북도 전주시 완산구 남노송동,경상사고,0,0,1,0,차대차 - 측면충돌,신호위반,포장 - 건조,맑음,교차로 - 교차로안,승용,남,64세,상해없음,승용,남,62세,경상
2022051800100483,2022년 5월 18일 18시,수요일,전라북도 전주시 완산구 중화산동2가,경상사고,0,0,4,0,차대차 - 기타,안전운전불이행,포장 - 건조,맑음,교차로 - 교차로안,승용,남,33세,상해없음,승용,남,51세,경상
2022051800100593,2022년 5월 18일 22시,수요일,전라북도 전주시 완산구 중화산동2가,중상사고,0,1,0,0,차대사람 - 횡단중,안전운전불이행,포장 - 건조,맑음,교차로 - 교차로안,승용,남,56세,상해없음,보행자,남,44세,중상
2022051900100295,2022년 5월 19일 14시,목요일,전라북도 전주시 덕진구 송천동2가,중상사고,0,1,0,0,차대차 - 측면충돌,신호위반,포장 - 건조,맑음,교차로 - 교차로안,승용,여,30세,상해없음,이륜,남,17세,중상
2022052000100020,2022년 5월 20일 01시,금요일,전라북도 전주시 완산구 효자동1가,경상사고,0,0,3,0,차대차 - 추돌,안전운전불이행,포장 - 건조,맑음,단일로 - 기타,승용,여,27세,상해없음,승용,남,57세,경상
2022052000100021,2022년 5월 20일 01시,금요일,전라북도 전주시 완산구 석구동,경상사고,0,0,2,0,차량단독 - 기타,기타,포장 - 건조,맑음,단일로 - 기타,기타불명,기타불명,미분류,기타불명,,,,
2022052000100022,2022년 5월 20일 01시,금요일,전라북도 전주시 덕진구 송천동2가,경상사고,0,0,2,0,차대차 - 추돌,안전운전불이행,포장 - 건조,맑음,교차로 - 교차로부근,승용,남,51세,상해없음,승용,남,68세,경상
2022052000100079,2022년 5월 20일 07시,금요일,전라북도 전주시 덕진구 송천동2가,경상사고,0,0,1,0,차대차 - 측면충돌,안전운전불이행,포장 - 건조,맑음,교차로 - 교차로횡단보도내,승용,여,32세,상해없음,자전거,여,56세,경상
2022052000100122,2022년 5월 20일 08시,금요일,전라북도 전주시 덕진구 팔복동3가,중상사고,0,1,0,0,차대차 - 측면충돌,신호위반,포장 - 건조,맑음,교차로 - 교차로횡단보도내,승용,남,29세,상해없음,자전거,남,77세,중상
2022052000100238,2022년 5월 20일 12시,금요일,전라북도 전주시 덕진구 장동,경상사고,0,0,1,0,차대차 - 후진중충돌,안전운전불이행,포장 - 건조,맑음,주차장 - 주차장,승용,남,61세,상해없음,승용,여,50세,경상
2022052000100451,2022년 5월 20일 17시,금요일,전라북도 전주시 완산구 상림동,경상사고,0,0,1,0,차대차 - 추돌,안전운전불이행,포장 - 건조,맑음,교차로 - 교차로안,승합,남,63세,상해없음,승용,여,39세,경상
2022052100100053,2022년 5월 21일 03시,토요일,전라북도 전주시 덕진구 송천동1가,경상사고,0,0,1,0,차대차 - 측면충돌,안전운전불이행,포장 - 건조,맑음,교차로 - 교차로부근,승용,남,23세,상해없음,승용,남,38세,경상
2022052100100079,2022년 5월 21일 07시,토요일,전라북도 전주시 덕진구 팔복동2가,경상사고,0,0,1,0,차대사람 - 차도통행중,안전운전불이행,포장 - 건조,맑음,교차로 - 교차로안,승용,남,38세,상해없음,보행자,남,70세,경상
2022052100100157,2022년 5월 21일 10시,토요일,전라북도 전주시 완산구 중화산동2가,경상사고,0,0,1,0,차대사람 - 횡단중,보행자보호의무위반,포장 - 건조,맑음,교차로 - 교차로횡단보도내,승용,남,61세,상해없음,보행자,남,52세,경상
2022052100100246,2022년 5월 21일 12시,토요일,전라북도 전주시 덕진구 송천동1가,경상사고,0,0,1,0,차대차 - 측면충돌,안전거리미확보,포장 - 건조,맑음,단일로 - 기타,승용,남,58세,상해없음,원동기,남,38세,경상
2022052100100284,2022년 5월 21일 13시,토요일,전라북도 전주시 완산구 삼천동1가,경상사고,0,0,2,0,차대차 - 추돌,안전운전불이행,포장 - 건조,맑음,주차장 - 주차장,승용,여,41세,상해없음,승용,남,39세,경상
2022052100100331,2022년 5월 21일 14시,토요일,전라북도 전주시 덕진구 인후동1가,경상사고,0,0,1,0,차대차 - 측면충돌,안전거리미확보,포장 - 건조,맑음,단일로 - 기타,화물,남,32세,상해없음,원동기,남,24세,경상
2022052100100370,2022년 5월 21일 15시,토요일,전라북도 전주시 덕진구 팔복동3가,경상사고,0,0,2,0,차대차 - 추돌,안전운전불이행,포장 - 건조,맑음,교차로 - 교차로횡단보도내,승용,남,61세,상해없음,승용,남,76세,경상
2022052100100562,2022년 5월 21일 21시,토요일,전라북도 전주시 덕진구 송천동2가,경상사고,0,0,1,0,차대차 - 측면충돌,안전운전불이행,포장 - 건조,맑음,기타 - 기타,승용,남,42세,상해없음,승용,여,20세,경상
2022052200100101,2022년 5월 22일 10시,일요일,전라북도 전주시 완산구 평화동2가,경상사고,0,0,2,0,차대차 - 정면충돌,신호위반,포장 - 건조,맑음,교차로 - 교차로안,승용,남,75세,상해없음,승용,남,79세,경상
2022052200100302,2022년 5월 22일 16시,일요일,전라북도 전주시 덕진구 덕진동2가,경상사고,0,0,1,0,차대차 - 기타,안전운전불이행,포장 - 건조,맑음,단일로 - 기타,승용,여,28세,상해없음,승용,남,51세,경상
2022052200100379,2022년 5월 22일 18시,일요일,전라북도 전주시 완산구 효자동1가,중상사고,0,1,1,0,차대차 - 정면충돌,안전운전불이행,포장 - 건조,맑음,주차장 - 주차장,승용,여,70세,경상,승용,남,81세,기타불명
2022052200100408,2022년 5월 22일 19시,일요일,전라북도 전주시 덕진구 반월동,경상사고,0,0,1,0,차대사람 - 횡단중,신호위반,포장 - 건조,맑음,단일로 - 기타,승용,남,37세,상해없음,보행자,여,23세,경상
2022052300100352,2022년 5월 23일 15시,월요일,전라북도 전주시 덕진구 송천동1가,경상사고,0,0,1,0,차대차 - 추돌,안전운전불이행,포장 - 건조,맑음,교차로 - 교차로부근,승용,남,33세,상해없음,승용,남,40세,경상
2022052400100143,2022년 5월 24일 09시,화요일,전라북도 전주시 완산구 효자동2가,경상사고,0,0,1,0,차대사람 - 보도통행중,보행자보호의무위반,포장 - 건조,맑음,단일로 - 기타,화물,남,78세,기타불명,보행자,남,63세,경상
2022052400100275,2022년 5월 24일 13시,화요일,전라북도 전주시 덕진구 중동,경상사고,0,0,1,0,차대차 - 측면충돌,중앙선침범,포장 - 건조,맑음,교차로 - 교차로부근,승용,여,69세,상해없음,이륜,남,30세,경상
2022052400100310,2022년 5월 24일 14시,화요일,전라북도 전주시 덕진구 반월동,경상사고,0,0,1,0,차대차 - 측면충돌,안전운전불이행,포장 - 건조,맑음,교차로 - 교차로안,승용,남,64세,상해없음,승합,남,50세,경상
2022052400100353,2022년 5월 24일 15시,화요일,전라북도 전주시 덕진구 만성동,경상사고,0,0,1,0,차대차 - 측면충돌,신호위반,포장 - 건조,맑음,교차로 - 교차로안,승용,남,58세,상해없음,승용,남,60세,경상
2022052500100104,2022년 5월 25일 08시,수요일,전라북도 전주시 완산구 효자동1가,경상사고,0,0,1,0,차대차 - 측면충돌,신호위반,포장 - 건조,맑음,교차로 - 교차로안,이륜,남,83세,상해없음,승용,여,48세,경상
2022052500100105,2022년 5월 25일 08시,수요일,전라북도 전주시 덕진구 여의동2가,경상사고,0,0,1,0,차대차 - 정면충돌,안전운전불이행,포장 - 건조,맑음,기타 - 기타,자전거,남,22세,상해없음,자전거,남,56세,경상
2022052500100243,2022년 5월 25일 12시,수요일,전라북도 전주시 완산구 삼천동3가,중상사고,0,1,0,0,차대차 - 측면충돌,신호위반,포장 - 건조,맑음,교차로 - 교차로안,승합,남,60세,상해없음,승용,여,56세,중상
2022052500100244,2022년 5월 25일 12시,수요일,전라북도 전주시 덕진구 덕진동1가,경상사고,0,0,1,0,차대차 - 측면충돌,안전운전불이행,포장 - 건조,맑음,교차로 - 교차로안,승합,남,56세,상해없음,승용,남,29세,경상
2022052500100282,2022년 5월 25일 13시,수요일,전라북도 전주시 완산구 서서학동,경상사고,0,0,4,0,차대차 - 측면충돌,안전운전불이행,포장 - 건조,맑음,교차로 - 교차로안,승합,남,70세,상해없음,승합,남,49세,경상
2022052500100326,2022년 5월 25일 14시,수요일,전라북도 전주시 덕진구 금암동,경상사고,0,0,1,0,차대차 - 추돌,안전운전불이행,포장 - 건조,맑음,단일로 - 기타,승용,남,71세,상해없음,승용,여,51세,경상
2022052500100367,2022년 5월 25일 15시,수요일,전라북도 전주시 완산구 삼천동3가,경상사고,0,0,2,0,차대차 - 측면충돌,신호위반,포장 - 건조,맑음,교차로 - 교차로안,승용,남,60세,상해없음,화물,남,49세,경상
2022052500100368,2022년 5월 25일 15시,수요일,전라북도 전주시 덕진구 진북동,중상사고,0,1,0,0,차대차 - 측면충돌,안전운전불이행,포장 - 건조,맑음,단일로 - 기타,승용,남,32세,상해없음,자전거,남,70세,중상
2022052500100369,2022년 5월 25일 15시,수요일,전라북도 전주시 덕진구 송천동1가,경상사고,0,0,1,0,차대차 - 후진중충돌,안전운전불이행,포장 - 건조,맑음,주차장 - 주차장,승용,남,59세,상해없음,승용,남,48세,경상
2022052500100580,2022년 5월 25일 20시,수요일,전라북도 전주시 덕진구 중동,경상사고,0,0,1,0,차대차 - 추돌,안전거리미확보,포장 - 건조,맑음,단일로 - 기타,승용,여,38세,상해없음,승용,여,25세,경상
2022052500100665,2022년 5월 25일 23시,수요일,전라북도 전주시 완산구 서신동,경상사고,0,0,1,0,차대사람 - 길가장자리구역통행중,안전운전불이행,포장 - 건조,맑음,교차로 - 교차로부근,승용,남,56세,상해없음,보행자,여,86세,경상
2022052600100073,2022년 5월 26일 06시,목요일,전라북도 전주시 덕진구 우아동3가,경상사고,0,0,1,0,차량단독 - 기타,안전운전불이행,포장 - 건조,맑음,단일로 - 기타,승합,남,52세,상해없음,,,,
2022052600100126,2022년 5월 26일 08시,목요일,전라북도 전주시 완산구 전동,중상사고,0,1,0,0,차대차 - 추돌,안전운전불이행,포장 - 건조,맑음,단일로 - 기타,승용,여,31세,상해없음,승용,여,50세,중상
2022052600100352,2022년 5월 26일 15시,목요일,전라북도 전주시 완산구 삼천동1가,경상사고,0,0,1,0,차대사람 - 횡단중,보행자보호의무위반,포장 - 건조,맑음,단일로 - 기타,승용,남,37세,상해없음,보행자,남,6세,경상
2022052600100451,2022년 5월 26일 17시,목요일,전라북도 전주시 완산구 효자동3가,경상사고,0,0,1,0,차대차 - 정면충돌,안전운전불이행,포장 - 건조,맑음,단일로 - 기타,승용,여,26세,상해없음,이륜,남,40세,경상
2022052600100514,2022년 5월 26일 18시,목요일,전라북도 전주시 완산구 효자동3가,경상사고,0,0,1,0,차대차 - 추돌,안전운전불이행,포장 - 건조,맑음,교차로 - 교차로부근,승용,남,54세,상해없음,승용,남,41세,경상
2022052600100560,2022년 5월 26일 19시,목요일,전라북도 전주시 완산구 중인동,경상사고,0,0,1,0,차대사람 - 횡단중,안전운전불이행,포장 - 건조,맑음,교차로 - 교차로부근,승용,여,37세,상해없음,보행자,여,6세,경상
2022052600100620,2022년 5월 26일 21시,목요일,전라북도 전주시 완산구 서신동,경상사고,0,0,1,0,차대차 - 추돌,안전운전불이행,포장 - 건조,맑음,교차로 - 교차로부근,화물,남,41세,상해없음,승용,남,56세,경상
2022052600100640,2022년 5월 26일 22시,목요일,전라북도 전주시 완산구 효자동1가,경상사고,0,0,1,0,차대사람 - 기타,기타,포장 - 건조,맑음,단일로 - 기타,승용,여,57세,상해없음,보행자,여,54세,경상
2022052700100009,2022년 5월 27일 00시,금요일,전라북도 전주시 완산구 효자동3가,경상사고,0,0,1,0,차대사람 - 기타,불법유턴,포장 - 건조,맑음,교차로 - 교차로횡단보도내,승용,남,36세,상해없음,보행자,남,42세,경상
2022052700100042,2022년 5월 27일 04시,금요일,전라북도 전주시 덕진구 인후동1가,경상사고,0,0,1,0,차대사람 - 기타,안전운전불이행,포장 - 건조,맑음,단일로 - 기타,승용,남,43세,상해없음,보행자,남,34세,경상
2022052700100156,2022년 5월 27일 09시,금요일,전라북도 전주시 덕진구 팔복동2가,경상사고,0,0,1,0,차대사람 - 횡단중,안전운전불이행,포장 - 건조,맑음,교차로 - 교차로부근,승용,남,62세,상해없음,보행자,여,24세,경상
2022052700100310,2022년 5월 27일 14시,금요일,전라북도 전주시 덕진구 호성동1가,경상사고,0,0,3,0,차대차 - 측면충돌,안전거리미확보,포장 - 건조,맑음,교차로 - 교차로안,승용,남,46세,경상,승용,남,56세,경상
2022052700100350,2022년 5월 27일 15시,금요일,전라북도 전주시 덕진구 덕진동1가,경상사고,0,0,1,0,차대차 - 측면충돌,신호위반,포장 - 건조,맑음,교차로 - 교차로안,승용,여,22세,상해없음,승용,여,24세,경상
2022052700100473,2022년 5월 27일 17시,금요일,전라북도 전주시 완산구 효자동3가,경상사고,0,0,2,0,차대차 - 측면충돌,안전운전불이행,포장 - 건조,맑음,교차로 - 교차로부근,승용,남,33세,상해없음,승용,남,26세,경상
2022052700100474,2022년 5월 27일 17시,금요일,전라북도 전주시 덕진구 인후동2가,중상사고,0,1,0,0,차대차 - 측면충돌,안전운전불이행,포장 - 건조,맑음,단일로 - 기타,승용,여,45세,상해없음,개인형이동수단(PM),남,72세,중상
2022052800100003,2022년 5월 28일 00시,토요일,전라북도 전주시 덕진구 송천동2가,경상사고,0,0,1,0,차대차 - 기타,안전운전불이행,포장 - 건조,맑음,단일로 - 기타,승용,남,58세,상해없음,승용,남,62세,상해없음
2022052800100113,2022년 5월 28일 09시,토요일,전라북도 전주시 덕진구 송천동2가,경상사고,0,0,1,0,차대사람 - 횡단중,보행자보호의무위반,포장 - 건조,맑음,교차로 - 교차로부근,승용,남,80세,상해없음,보행자,여,14세,경상
2022052800100157,2022년 5월 28일 10시,토요일,전라북도 전주시 덕진구 송천동2가,중상사고,0,1,0,0,차대사람 - 횡단중,신호위반,포장 - 건조,맑음,교차로 - 교차로안,승용,여,53세,상해없음,보행자,여,61세,중상
2022052800100277,2022년 5월 28일 13시,토요일,전라북도 전주시 완산구 평화동2가,경상사고,0,0,1,0,차대사람 - 횡단중,보행자보호의무위반,포장 - 건조,맑음,단일로 - 기타,승용,여,30세,상해없음,보행자,남,7세,경상
2022052800100313,2022년 5월 28일 14시,토요일,전라북도 전주시 완산구 서서학동,경상사고,0,0,1,0,차대사람 - 횡단중,안전운전불이행,포장 - 건조,맑음,단일로 - 기타,승용,남,59세,상해없음,보행자,여,13세,경상
2022052800100396,2022년 5월 28일 16시,토요일,전라북도 전주시 완산구 평화동2가,경상사고,0,0,3,0,차대차 - 추돌,안전운전불이행,포장 - 건조,맑음,교차로 - 교차로안,승용,남,64세,상해없음,승용,여,38세,경상
2022052800100504,2022년 5월 28일 19시,토요일,전라북도 전주시 완산구 서신동,경상사고,0,0,2,0,차대차 - 측면충돌,안전운전불이행,포장 - 건조,맑음,기타 - 기타,승용,남,66세,상해없음,승용,남,56세,경상
2022052800100505,2022년 5월 28일 19시,토요일,전라북도 전주시 완산구 효자동3가,경상사고,0,0,1,0,차대사람 - 횡단중,보행자보호의무위반,포장 - 건조,맑음,교차로 - 교차로횡단보도내,승용,남,21세,상해없음,보행자,남,25세,경상
2022052900100046,2022년 5월 29일 03시,일요일,전라북도 전주시 완산구 중화산동2가,경상사고,0,0,1,0,차대차 - 측면충돌,신호위반,포장 - 건조,맑음,교차로 - 교차로안,승용,남,25세,상해없음,승용,남,71세,경상
2022052900100104,2022년 5월 29일 09시,일요일,전라북도 전주시 완산구 평화동2가,경상사고,0,0,1,0,차대차 - 측면충돌,안전운전불이행,포장 - 건조,맑음,단일로 - 기타,승용,남,41세,상해없음,자전거,남,8세,경상
2022052900100151,2022년 5월 29일 11시,일요일,전라북도 전주시 덕진구 호성동2가,경상사고,0,0,1,0,차대차 - 측면충돌,불법유턴,포장 - 건조,맑음,단일로 - 기타,승용,여,66세,상해없음,승용,여,32세,경상
2022052900100371,2022년 5월 29일 18시,일요일,전라북도 전주시 덕진구 덕진동2가,경상사고,0,0,1,0,차대차 - 측면충돌,중앙선침범,포장 - 건조,맑음,교차로 - 교차로부근,승용,남,43세,상해없음,승용,남,34세,경상
2022053000100465,2022년 5월 30일 19시,월요일,전라북도 전주시 덕진구 산정동,경상사고,0,0,1,0,차대차 - 측면충돌,교차로운행방법위반,포장 - 건조,맑음,교차로 - 교차로안,승용,남,79세,상해없음,승용,남,29세,경상
2022053000100546,2022년 5월 30일 23시,월요일,전라북도 전주시 덕진구 우아동3가,경상사고,0,0,1,0,차대차 - 측면충돌,불법유턴,포장 - 건조,맑음,단일로 - 기타,승용,여,27세,상해없음,승용,여,38세,경상
2022053100100007,2022년 5월 31일 00시,화요일,전라북도 전주시 완산구 효자동3가,경상사고,0,0,1,0,차대차 - 추돌,안전운전불이행,포장 - 건조,맑음,단일로 - 기타,승용,남,43세,상해없음,승용,남,57세,경상
2022053100100066,2022년 5월 31일 07시,화요일,전라북도 전주시 덕진구 장동,경상사고,0,0,1,0,차대차 - 측면충돌,안전운전불이행,포장 - 건조,맑음,단일로 - 기타,승용,남,61세,상해없음,자전거,남,13세,경상
2022053100100433,2022년 5월 31일 16시,화요일,전라북도 전주시 완산구 중화산동2가,경상사고,0,0,1,0,차대사람 - 횡단중,안전운전불이행,포장 - 건조,맑음,교차로 - 교차로안,기타불명,기타불명,미분류,기타불명,보행자,남,14세,경상
2022053100100434,2022년 5월 31일 16시,화요일,전라북도 전주시 덕진구 인후동1가,경상사고,0,0,1,0,차대사람 - 횡단중,안전운전불이행,포장 - 건조,맑음,교차로 - 교차로안,화물,남,34세,상해없음,보행자,여,69세,경상
2022053100100683,2022년 5월 31일 22시,화요일,전라북도 전주시 완산구 중화산동2가,경상사고,0,0,1,0,차대차 - 측면충돌,안전거리미확보,포장 - 건조,맑음,기타 - 기타,승용,남,28세,상해없음,승용,남,54세,경상
2022060100100169,2022년 6월 1일 10시,수요일,전라북도 전주시 완산구 효자동1가,중상사고,0,1,0,0,차대차 - 정면충돌,안전운전불이행,포장 - 건조,맑음,교차로 - 교차로부근,승용,여,69세,상해없음,이륜,남,44세,중상
2022060100100306,2022년 6월 1일 14시,수요일,전라북도 전주시 완산구 효자동3가,경상사고,0,0,3,0,차대차 - 정면충돌,중앙선침범,포장 - 건조,맑음,단일로 - 기타,승용,남,62세,경상,승용,남,41세,경상
2022060100100531,2022년 6월 1일 21시,수요일,전라북도 전주시 덕진구 송천동2가,경상사고,0,0,1,0,차대사람 - 보도통행중,보행자보호의무위반,포장 - 건조,맑음,교차로 - 교차로횡단보도내,화물,남,45세,상해없음,보행자,여,50세,경상
2022060200100088,2022년 6월 2일 08시,목요일,전라북도 전주시 완산구 효자동1가,경상사고,0,0,1,0,차대차 - 측면충돌,직진우회전진행방해,포장 - 건조,맑음,교차로 - 교차로안,승용,여,51세,상해없음,자전거,남,11세,경상
2022060200100182,2022년 6월 2일 11시,목요일,전라북도 전주시 완산구 효자동1가,경상사고,0,0,1,0,차대사람 - 횡단중,신호위반,포장 - 건조,맑음,교차로 - 교차로횡단보도내,승용,남,47세,상해없음,보행자,남,72세,경상
2022060200100183,2022년 6월 2일 11시,목요일,전라북도 전주시 덕진구 팔복동2가,경상사고,0,0,1,0,차대차 - 측면충돌,안전운전불이행,포장 - 건조,맑음,교차로 - 교차로안,승용,여,55세,상해없음,특수,남,40세,경상
2022060200100361,2022년 6월 2일 16시,목요일,전라북도 전주시 완산구 효자동1가,중상사고,0,1,0,0,차대사람 - 횡단중,안전운전불이행,포장 - 건조,맑음,교차로 - 교차로안,승용,여,34세,상해없음,보행자,남,93세,중상
2022060200100582,2022년 6월 2일 22시,목요일,전라북도 전주시 완산구 삼천동1가,중상사고,0,1,0,0,차대사람 - 횡단중,보행자보호의무위반,포장 - 건조,맑음,교차로 - 교차로횡단보도내,승용,남,63세,상해없음,보행자,남,65세,중상
2022060300100065,2022년 6월 3일 07시,금요일,전라북도 전주시 완산구 삼천동3가,경상사고,0,0,2,0,차대차 - 추돌,안전운전불이행,포장 - 건조,맑음,단일로 - 기타,승용,남,23세,상해없음,승용,남,31세,경상
2022060300100096,2022년 6월 3일 08시,금요일,전라북도 전주시 완산구 효자동3가,경상사고,0,0,1,0,차대차 - 정면충돌,직진우회전진행방해,포장 - 건조,맑음,교차로 - 교차로안,승용,여,44세,상해없음,자전거,남,66세,경상
2022060300100132,2022년 6월 3일 09시,금요일,전라북도 전주시 덕진구 송천동2가,중상사고,0,1,0,0,차대사람 - 횡단중,보행자보호의무위반,포장 - 건조,맑음,교차로 - 교차로안,화물,남,72세,상해없음,보행자,여,32세,중상
2022060300100224,2022년 6월 3일 11시,금요일,전라북도 전주시 완산구 효자동3가,경상사고,0,0,2,0,차대차 - 측면충돌,신호위반,포장 - 건조,맑음,교차로 - 교차로안,승용,남,68세,상해없음,승용,여,28세,경상
2022060300100352,2022년 6월 3일 15시,금요일,전라북도 전주시 완산구 경원동1가,경상사고,0,0,1,0,차대차 - 측면충돌,신호위반,포장 - 건조,맑음,단일로 - 기타,승용,남,69세,상해없음,승합,남,55세,상해없음
2022060300100388,2022년 6월 3일 16시,금요일,전라북도 전주시 완산구 효자동1가,경상사고,0,0,2,0,차대사람 - 횡단중,보행자보호의무위반,포장 - 건조,맑음,교차로 - 교차로횡단보도내,승용,남,31세,상해없음,보행자,여,9세,경상
2022060300100389,2022년 6월 3일 16시,금요일,전라북도 전주시 완산구 평화동1가,경상사고,0,0,1,0,차대사람 - 보도통행중,안전운전불이행,포장 - 건조,맑음,단일로 - 기타,자전거,남,15세,상해없음,보행자,여,68세,경상
2022060300100483,2022년 6월 3일 18시,금요일,전라북도 전주시 덕진구 인후동1가,경상사고,0,0,1,0,차대차 - 측면충돌,안전운전불이행,포장 - 건조,맑음,교차로 - 교차로안,승용,남,19세,상해없음,이륜,남,27세,경상
2022060300100618,2022년 6월 3일 22시,금요일,전라북도 전주시 덕진구 호성동1가,경상사고,0,0,2,0,차대차 - 측면충돌,안전운전불이행,포장 - 건조,맑음,교차로 - 교차로부근,화물,남,48세,상해없음,승용,남,60세,경상
2022060400100047,2022년 6월 4일 03시,토요일,전라북도 전주시 완산구 효자동3가,경상사고,0,0,2,0,차대사람 - 횡단중,안전운전불이행,포장 - 건조,맑음,교차로 - 교차로안,승용,남,38세,상해없음,보행자,남,27세,경상
2022060400100111,2022년 6월 4일 08시,토요일,전라북도 전주시 완산구 서신동,경상사고,0,0,1,0,차대차 - 측면충돌,신호위반,포장 - 건조,맑음,교차로 - 교차로안,승용,남,34세,상해없음,승용,여,54세,경상
2022060400100170,2022년 6월 4일 10시,토요일,전라북도 전주시 덕진구 팔복동2가,경상사고,0,0,2,0,차대차 - 측면충돌,신호위반,포장 - 건조,맑음,교차로 - 교차로안,승용,남,66세,상해없음,승용,남,61세,경상
2022060400100255,2022년 6월 4일 12시,토요일,전라북도 전주시 완산구 서노송동,경상사고,0,0,1,0,차대차 - 측면충돌,안전운전불이행,포장 - 건조,흐림,교차로 - 교차로안,승용,남,87세,경상,승용,여,62세,상해없음
2022060400100329,2022년 6월 4일 14시,토요일,전라북도 전주시 덕진구 우아동3가,중상사고,0,1,0,0,차대차 - 측면충돌,안전운전불이행,포장 - 건조,맑음,교차로 - 교차로안,승용,남,75세,상해없음,이륜,남,41세,중상
2022060400100389,2022년 6월 4일 16시,토요일,전라북도 전주시 완산구 풍남동3가,중상사고,0,1,0,0,차대차 - 측면충돌,안전운전불이행,포장 - 건조,맑음,기타 - 기타,승용,남,43세,상해없음,자전거,남,12세,중상
2022060500100177,2022년 6월 5일 13시,일요일,전라북도 전주시 완산구 중화산동2가,경상사고,0,0,1,0,차대차 - 정면충돌,안전운전불이행,포장 - 젖음/습기,비,교차로 - 교차로안,승용,여,60세,상해없음,승용,여,60세,경상
2022060500100311,2022년 6월 5일 18시,일요일,전라북도 전주시 덕진구 송천동2가,경상사고,0,0,1,0,차대차 - 측면충돌,불법유턴,포장 - 젖음/습기,비,단일로 - 기타,승용,남,32세,상해없음,이륜,남,18세,경상
2022060500100342,2022년 6월 5일 19시,일요일,전라북도 전주시 덕진구 호성동1가,경상사고,0,0,1,0,차대차 - 측면충돌,교차로운행방법위반,포장 - 젖음/습기,비,교차로 - 교차로안,승용,남,52세,상해없음,화물,남,66세,경상
2022060500100369,2022년 6월 5일 20시,일요일,전라북도 전주시 덕진구 만성동,경상사고,0,0,1,0,차대차 - 측면충돌,교차로운행방법위반,포장 - 젖음/습기,비,교차로 - 교차로안,승용,여,56세,상해없음,승용,남,23세,경상
2022060500100410,2022년 6월 5일 22시,일요일,전라북도 전주시 완산구 서신동,경상사고,0,0,1,0,차대사람 - 기타,안전운전불이행,포장 - 건조,맑음,기타 - 기타,승용,남,63세,상해없음,보행자,여,42세,경상
2022060600100262,2022년 6월 6일 15시,월요일,전라북도 전주시 완산구 색장동,경상사고,0,0,1,0,차대사람 - 길가장자리구역통행중,안전운전불이행,포장 - 건조,맑음,단일로 - 기타,승용,남,37세,상해없음,보행자,남,65세,경상
2022060600100328,2022년 6월 6일 17시,월요일,전라북도 전주시 완산구 태평동,경상사고,0,0,1,0,차대차 - 측면충돌,안전거리미확보,포장 - 건조,맑음,단일로 - 기타,승용,남,22세,상해없음,승용,남,44세,상해없음
2022060600100415,2022년 6월 6일 20시,월요일,전라북도 전주시 완산구 효자동2가,중상사고,0,1,0,0,차대차 - 측면충돌,안전운전불이행,포장 - 건조,맑음,교차로 - 교차로안,승용,여,40세,상해없음,이륜,남,25세,중상
2022060700100143,2022년 6월 7일 09시,화요일,전라북도 전주시 덕진구 송천동1가,경상사고,0,0,1,0,차대차 - 기타,신호위반,포장 - 건조,맑음,교차로 - 교차로안,승용,여,30세,상해없음,승용,남,60세,경상
2022060700100206,2022년 6월 7일 11시,화요일,전라북도 전주시 덕진구 송천동2가,경상사고,0,0,1,0,차대차 - 추돌,안전운전불이행,포장 - 건조,맑음,교차로 - 교차로부근,승용,남,87세,상해없음,승용,남,56세,경상
2022060700100439,2022년 6월 7일 18시,화요일,전라북도 전주시 덕진구 송천동2가,경상사고,0,0,2,0,차대차 - 추돌,안전운전불이행,포장 - 젖음/습기,비,단일로 - 기타,승용,남,57세,상해없음,승용,여,36세,경상