사고번호,사고일시,요일,시군구,사고내용,사망자수,중상자수,경상자수,부상신고자수,사고유형,법규위반,노면상태,기상상태,도로형태,가해운전자 차종,가해운전자 성별,가해운전자 연령,가해운전자 상해정도,피해운전자 차종,피해운전자 성별,피해운전자 연령,피해운전자 상해정도
2022060800100137,2022년 6월 8일 09시,수요일,전라북도 전주시 덕진구 우아동1가,경상사고,0,0,1,0,차대사람 - 기타,안전운전불이행,포장 - 건조,맑음,단일로 - 기타,화물,남,61세,상해없음,보행자,남,61세,경상
2022060800100200,2022년 6월 8일 11시,수요일,전라북도 전주시 덕진구 우아동3가,경상사고,0,0,1,0,차대차 - 추돌,안전운전불이행,포장 - 건조,맑음,단일로 - 기타,승용,남,57세,상해없음,승용,여,37세,경상
2022060800100280,2022년 6월 8일 14시,수요일,전라북도 전주시 완산구 경원동1가,경상사고,0,0,1,0,차량단독 - 기타,안전운전불이행,포장 - 건조,맑음,단일로 - 기타,승합,남,55세,상해없음,,,,
2022060800100281,2022년 6월 8일 14시,수요일,전라북도 전주시 덕진구 장동,경상사고,0,0,1,0,차대차 - 측면충돌,안전운전불이행,포장 - 건조,맑음,교차로 - 교차로안,승용,여,36세,상해없음,승용,여,40세,경상
2022060800100312,2022년 6월 8일 15시,수요일,전라북도 전주시 덕진구 반월동,경상사고,0,0,1,0,차대차 - 측면충돌,차로위반,포장 - 건조,맑음,교차로 - 교차로부근,승용,여,67세,상해없음,승용,여,50세,경상
2022060800100387,2022년 6월 8일 17시,수요일,전라북도 전주시 덕진구 만성동,경상사고,0,0,1,0,차대차 - 측면충돌,안전거리미확보,포장 - 건조,맑음,교차로 - 교차로안,승용,여,32세,상해없음,승용,남,33세,경상
2022060800100500,2022년 6월 8일 20시,수요일,전라북도 전주시 덕진구 금암동,경상사고,0,0,1,0,차대사람 - 기타,안전운전불이행,포장 - 건조,맑음,단일로 - 기타,승용,남,71세,상해없음,보행자,여,70세,경상
2022060900100061,2022년 6월 9일 07시,목요일,전라북도 전주시 덕진구 팔복동2가,중상사고,0,1,0,0,차대사람 - 횡단중,안전운전불이행,포장 - 건조,맑음,교차로 - 교차로횡단보도내,화물,남,61세,상해없음,보행자,여,63세,중상
2022060900100303,2022년 6월 9일 15시,목요일,전라북도 전주시 완산구 효자동2가,경상사고,0,0,1,0,차대차 - 기타,신호위반,포장 - 건조,맑음,교차로 - 교차로안,승용,남,66세,상해없음,자전거,남,11세,경상
2022060900100419,2022년 6월 9일 18시,목요일,전라북도 전주시 완산구 효자동1가,경상사고,0,0,1,0,차량단독 - 기타,안전운전불이행,포장 - 건조,맑음,단일로 - 기타,승합,남,50세,상해없음,,,,
2022060900100509,2022년 6월 9일 21시,목요일,전라북도 전주시 덕진구 인후동1가,경상사고,0,0,1,0,차대사람 - 횡단중,보행자보호의무위반,포장 - 건조,맑음,교차로 - 교차로횡단보도내,화물,남,54세,상해없음,보행자,남,53세,경상
2022061000100033,2022년 6월 10일 04시,금요일,전라북도 전주시 덕진구 덕진동1가,경상사고,0,0,1,0,차대차 - 추돌,불법유턴,포장 - 건조,맑음,단일로 - 기타,승용,남,29세,상해없음,승용,남,46세,경상
2022061000100041,2022년 6월 10일 05시,금요일,전라북도 전주시 덕진구 팔복동4가,중상사고,0,1,0,0,차량단독 - 공작물충돌,안전운전불이행,포장 - 건조,맑음,단일로 - 기타,승용,남,23세,기타불명,,,,
2022061000100428,2022년 6월 10일 17시,금요일,전라북도 전주시 완산구 삼천동1가,경상사고,0,0,2,0,차대차 - 측면충돌,안전운전불이행,포장 - 건조,맑음,교차로 - 교차로부근,승용,여,46세,상해없음,승합,남,54세,경상
2022061000100516,2022년 6월 10일 19시,금요일,전라북도 전주시 덕진구 인후동1가,경상사고,0,0,1,0,차대사람 - 횡단중,신호위반,포장 - 건조,맑음,교차로 - 교차로안,이륜,남,60세,상해없음,보행자,여,34세,경상
2022061000100542,2022년 6월 10일 20시,금요일,전라북도 전주시 덕진구 팔복동2가,경상사고,0,0,1,0,차대차 - 기타,안전운전불이행,포장 - 건조,맑음,단일로 - 기타,화물,남,68세,상해없음,자전거,남,61세,경상
2022061100100456,2022년 6월 11일 18시,토요일,전라북도 전주시 덕진구 금암동,경상사고,0,0,1,0,차대차 - 측면충돌,신호위반,포장 - 건조,맑음,교차로 - 교차로안,이륜,남,62세,상해없음,승용,남,52세,경상
2022061100100549,2022년 6월 11일 22시,토요일,전라북도 전주시 완산구 효자동3가,경상사고,0,0,1,0,차대차 - 측면충돌,안전운전불이행,포장 - 건조,맑음,교차로 - 교차로안,승용,남,30세,상해없음,승용,남,32세,경상
2022061200100038,2022년 6월 12일 03시,일요일,전라북도 전주시 덕진구 진북동,경상사고,0,0,1,0,차대차 - 추돌,안전운전불이행,포장 - 건조,맑음,교차로 - 교차로부근,승용,남,35세,상해없음,승용,여,28세,경상
2022061200100200,2022년 6월 12일 14시,일요일,전라북도 전주시 덕진구 송천동2가,중상사고,0,1,0,0,차대사람 - 횡단중,보행자보호의무위반,포장 - 건조,맑음,교차로 - 교차로부근,승용,남,65세,상해없음,보행자,남,58세,중상
2022061200100352,2022년 6월 12일 20시,일요일,전라북도 전주시 완산구 서신동,중상사고,0,1,0,0,차대차 - 측면충돌,신호위반,포장 - 건조,맑음,교차로 - 교차로안,승용,남,63세,상해없음,승용,남,46세,중상
2022061300100154,2022년 6월 13일 10시,월요일,전라북도 전주시 완산구 효자동1가,경상사고,0,0,1,0,차대차 - 측면충돌,안전운전불이행,포장 - 건조,맑음,교차로 - 교차로안,승용,남,82세,상해없음,승용,남,29세,경상
2022061300100181,2022년 6월 13일 11시,월요일,전라북도 전주시 완산구 서노송동,경상사고,0,0,1,0,차대차 - 기타,신호위반,포장 - 건조,맑음,교차로 - 교차로안,승용,남,63세,상해없음,승용,남,28세,경상
2022061400100004,2022년 6월 14일 00시,화요일,전라북도 전주시 완산구 효자동2가,경상사고,0,0,1,0,차대차 - 측면충돌,안전운전불이행,포장 - 건조,맑음,기타 - 기타,기타불명,기타불명,미분류,기타불명,승용,여,55세,경상
2022061400100253,2022년 6월 14일 12시,화요일,전라북도 전주시 완산구 서신동,경상사고,0,0,2,0,차대차 - 측면충돌,신호위반,포장 - 젖음/습기,비,교차로 - 교차로안,승용,여,27세,상해없음,승용,여,25세,경상
2022061400100393,2022년 6월 14일 16시,화요일,전라북도 전주시 완산구 중화산동2가,경상사고,0,0,2,0,차대차 - 정면충돌,신호위반,포장 - 건조,맑음,교차로 - 교차로안,승용,여,24세,상해없음,승용,남,57세,경상
2022061400100426,2022년 6월 14일 17시,화요일,전라북도 전주시 완산구 삼천동1가,경상사고,0,0,1,0,차대사람 - 기타,안전운전불이행,포장 - 건조,맑음,주차장 - 주차장,화물,남,31세,상해없음,보행자,여,11세,경상
2022061400100468,2022년 6월 14일 18시,화요일,전라북도 전주시 완산구 중화산동1가,경상사고,0,0,1,0,차대사람 - 횡단중,보행자보호의무위반,포장 - 건조,맑음,교차로 - 교차로횡단보도내,승용,여,44세,상해없음,보행자,여,17세,경상
2022061400100469,2022년 6월 14일 18시,화요일,전라북도 전주시 덕진구 호성동2가,경상사고,0,0,2,0,차대차 - 측면충돌,신호위반,포장 - 건조,맑음,교차로 - 교차로안,화물,남,60세,상해없음,승용,남,67세,경상
2022061400100556,2022년 6월 14일 21시,화요일,전라북도 전주시 완산구 효자동3가,경상사고,0,0,1,0,차대차 - 기타,안전운전불이행,포장 - 건조,맑음,교차로 - 교차로안,승용,남,63세,상해없음,이륜,남,29세,경상
2022061400100578,2022년 6월 14일 22시,화요일,전라북도 전주시 완산구 평화동1가,경상사고,0,0,2,0,차대차 - 기타,안전운전불이행,포장 - 건조,맑음,교차로 - 교차로안,승용,여,44세,상해없음,승합,남,62세,상해없음
2022061500100134,2022년 6월 15일 09시,수요일,전라북도 전주시 덕진구 팔복동2가,중상사고,0,1,0,0,차대사람 - 길가장자리구역통행중,안전운전불이행,포장 - 건조,맑음,교차로 - 교차로안,승용,여,51세,상해없음,보행자,남,82세,중상
2022061500100400,2022년 6월 15일 17시,수요일,전라북도 전주시 완산구 효자동2가,경상사고,0,0,1,0,차대차 - 측면충돌,안전거리미확보,포장 - 건조,맑음,단일로 - 기타,승용,남,29세,상해없음,승용,여,37세,경상
2022061500100401,2022년 6월 15일 17시,수요일,전라북도 전주시 완산구 서노송동,경상사고,0,0,2,0,차대차 - 측면충돌,안전운전불이행,포장 - 건조,맑음,단일로 - 기타,화물,남,47세,상해없음,승용,남,67세,경상
2022061500100446,2022년 6월 15일 18시,수요일,전라북도 전주시 덕진구 덕진동1가,경상사고,0,0,1,0,차대사람 - 기타,안전운전불이행,포장 - 건조,맑음,단일로 - 기타,승용,남,46세,상해없음,보행자,남,34세,경상
2022061500100516,2022년 6월 15일 20시,수요일,전라북도 전주시 완산구 중화산동2가,경상사고,0,0,4,0,차대차 - 측면충돌,안전운전불이행,포장 - 건조,맑음,단일로 - 기타,승용,여,43세,경상,승용,남,37세,경상
2022061600100018,2022년 6월 16일 01시,목요일,전라북도 전주시 완산구 효자동1가,중상사고,0,1,1,0,차대차 - 정면충돌,중앙선침범,포장 - 건조,맑음,단일로 - 기타,승용,남,21세,경상,이륜,남,35세,중상
2022061600100134,2022년 6월 16일 09시,목요일,전라북도 전주시 완산구 서신동,경상사고,0,0,1,0,차대차 - 기타,교차로운행방법위반,포장 - 건조,맑음,교차로 - 교차로안,승용,남,48세,상해없음,승용,남,49세,경상
2022061600100520,2022년 6월 16일 19시,목요일,전라북도 전주시 완산구 효자동2가,경상사고,0,0,3,0,차대차 - 측면충돌,중앙선침범,포장 - 건조,맑음,교차로 - 교차로부근,승용,남,31세,상해없음,승용,남,57세,경상
2022061600100521,2022년 6월 16일 19시,목요일,전라북도 전주시 완산구 효자동2가,경상사고,0,0,1,0,차대차 - 추돌,안전운전불이행,포장 - 건조,맑음,교차로 - 교차로부근,승용,여,41세,상해없음,승용,여,53세,경상
2022061700100131,2022년 6월 17일 09시,금요일,전라북도 전주시 완산구 중화산동2가,경상사고,0,0,1,0,차대사람 - 횡단중,신호위반,포장 - 건조,맑음,교차로 - 교차로횡단보도내,승용,여,62세,상해없음,보행자,남,29세,경상
2022061700100162,2022년 6월 17일 10시,금요일,전라북도 전주시 덕진구 금암동,경상사고,0,0,1,0,차대사람 - 기타,안전운전불이행,포장 - 건조,맑음,교차로 - 교차로부근,승용,여,52세,상해없음,보행자,남,48세,경상
2022061700100264,2022년 6월 17일 13시,금요일,전라북도 전주시 완산구 중화산동2가,경상사고,0,0,4,0,차대차 - 측면충돌,신호위반,포장 - 건조,맑음,교차로 - 교차로부근,승용,여,28세,경상,승용,여,47세,경상
2022061700100304,2022년 6월 17일 14시,금요일,전라북도 전주시 완산구 경원동3가,경상사고,0,0,2,1,차대차 - 추돌,안전운전불이행,포장 - 건조,맑음,교차로 - 교차로안,승용,남,64세,상해없음,승용,남,47세,경상
2022061700100305,2022년 6월 17일 14시,금요일,전라북도 전주시 완산구 중화산동2가,경상사고,0,0,2,0,차대차 - 기타,안전운전불이행,포장 - 건조,맑음,교차로 - 교차로안,승용,여,52세,경상,승용,남,39세,경상
2022061700100337,2022년 6월 17일 15시,금요일,전라북도 전주시 완산구 중화산동2가,중상사고,0,1,2,0,차대차 - 측면충돌,신호위반,포장 - 건조,맑음,교차로 - 교차로안,승용,남,67세,경상,승용,여,52세,중상
2022061700100417,2022년 6월 17일 17시,금요일,전라북도 전주시 완산구 효자동1가,경상사고,0,0,1,0,차대차 - 기타,안전운전불이행,포장 - 건조,맑음,교차로 - 교차로횡단보도내,승용,여,66세,상해없음,자전거,여,18세,경상
2022061700100418,2022년 6월 17일 17시,금요일,전라북도 전주시 완산구 남노송동,중상사고,0,1,1,0,차량단독 - 공작물충돌,안전운전불이행,포장 - 건조,맑음,교차로 - 교차로안,화물,남,67세,중상,,,,
2022061800100021,2022년 6월 18일 01시,토요일,전라북도 전주시 완산구 서신동,경상사고,0,0,1,0,차대차 - 측면충돌,신호위반,포장 - 건조,맑음,교차로 - 교차로안,승용,남,37세,상해없음,승용,남,72세,경상
2022061800100022,2022년 6월 18일 01시,토요일,전라북도 전주시 완산구 서신동,중상사고,0,1,0,0,차대차 - 기타,신호위반,포장 - 건조,맑음,단일로 - 기타,승용,남,60세,상해없음,이륜,남,47세,중상
2022061800100064,2022년 6월 18일 05시,토요일,전라북도 전주시 덕진구 인후동1가,중상사고,0,2,0,0,차대차 - 측면충돌,신호위반,포장 - 건조,맑음,교차로 - 교차로안,승용,남,57세,상해없음,승용,남,56세,중상
2022061800100072,2022년 6월 18일 06시,토요일,전라북도 전주시 덕진구 인후동1가,경상사고,0,0,1,0,차대차 - 추돌,안전운전불이행,포장 - 건조,맑음,단일로 - 기타,승용,남,56세,상해없음,승용,남,59세,경상
2022061800100131,2022년 6월 18일 09시,토요일,전라북도 전주시 완산구 효자동3가,경상사고,0,0,1,0,차대차 - 측면충돌,안전운전불이행,포장 - 건조,맑음,교차로 - 교차로부근,승용,남,21세,상해없음,승용,남,29세,경상
2022061800100195,2022년 6월 18일 11시,토요일,전라북도 전주시 덕진구 금암동,중상사고,0,1,0,0,차대사람 - 횡단중,보행자보호의무위반,포장 - 건조,맑음,교차로 - 교차로횡단보도내,승용,여,37세,상해없음,보행자,남,12세,중상
2022061800100196,2022년 6월 18일 11시,토요일,전라북도 전주시 덕진구 팔복동2가,경상사고,0,0,2,0,차대차 - 측면충돌,신호위반,포장 - 건조,맑음,교차로 - 교차로안,승용,여,46세,상해없음,승용,남,33세,경상
2022061800100413,2022년 6월 18일 17시,토요일,전라북도 전주시 덕진구 팔복동2가,경상사고,0,0,2,0,차대차 - 측면충돌,신호위반,포장 - 건조,맑음,교차로 - 교차로안,승용,남,65세,상해없음,승용,남,35세,경상
2022061800100478,2022년 6월 18일 19시,토요일,전라북도 전주시 덕진구 우아동3가,중상사고,0,1,1,0,차대차 - 추돌,안전운전불이행,포장 - 건조,맑음,단일로 - 기타,승용,여,60세,상해없음,승용,남,69세,경상
2022061800100517,2022년 6월 18일 20시,토요일,전라북도 전주시 덕진구 인후동1가,경상사고,0,0,4,0,차대차 - 측면충돌,중앙선침범,포장 - 건조,맑음,교차로 - 교차로안,승용,여,62세,상해없음,승용,남,48세,경상
2022061800100518,2022년 6월 18일 20시,토요일,전라북도 전주시 덕진구 진북동,경상사고,0,0,1,0,차대차 - 측면충돌,안전운전불이행,포장 - 건조,맑음,교차로 - 교차로부근,승용,남,45세,상해없음,승용,남,26세,경상
2022061800100544,2022년 6월 18일 21시,토요일,전라북도 전주시 완산구 효자동3가,경상사고,0,0,1,0,차대사람 - 차도통행중,안전운전불이행,포장 - 건조,맑음,교차로 - 교차로안,승용,남,23세,상해없음,보행자,남,24세,경상
2022061900100068,2022년 6월 19일 06시,일요일,전라북도 전주시 완산구 평화동1가,경상사고,0,0,2,0,차대차 - 기타,신호위반,포장 - 건조,맑음,교차로 - 교차로안,승용,남,32세,상해없음,화물,남,47세,경상
2022061900100161,2022년 6월 19일 12시,일요일,전라북도 전주시 완산구 중화산동2가,중상사고,0,1,2,0,차대차 - 정면충돌,신호위반,포장 - 건조,맑음,교차로 - 교차로안,승용,남,79세,상해없음,승용,여,25세,경상
2022061900100306,2022년 6월 19일 18시,일요일,전라북도 전주시 덕진구 덕진동1가,중상사고,0,1,0,0,차대차 - 측면충돌,안전운전불이행,포장 - 건조,맑음,교차로 - 교차로안,승용,남,52세,상해없음,이륜,남,43세,중상
2022061900100410,2022년 6월 19일 23시,일요일,전라북도 전주시 덕진구 덕진동2가,중상사고,0,1,0,0,차대사람 - 횡단중,과속,포장 - 건조,맑음,단일로 - 기타,승용,남,29세,상해없음,보행자,여,18세,중상
2022062000100074,2022년 6월 20일 07시,월요일,전라북도 전주시 덕진구 고랑동,사망사고,1,0,2,0,차대차 - 측면충돌,중앙선침범,포장 - 건조,맑음,단일로 - 기타,승용,남,62세,사망,화물,남,60세,경상
2022062000100106,2022년 6월 20일 08시,월요일,전라북도 전주시 덕진구 우아동2가,경상사고,0,0,2,0,차대차 - 측면충돌,안전운전불이행,포장 - 건조,맑음,교차로 - 교차로안,화물,남,59세,상해없음,승용,여,45세,경상
2022062000100221,2022년 6월 20일 11시,월요일,전라북도 전주시 덕진구 만성동,경상사고,0,0,1,0,차대차 - 측면충돌,교차로운행방법위반,포장 - 건조,맑음,교차로 - 교차로안,승용,여,41세,상해없음,승용,여,60세,경상
2022062000100250,2022년 6월 20일 12시,월요일,전라북도 전주시 완산구 효자동1가,경상사고,0,0,1,0,차대차 - 추돌,안전운전불이행,포장 - 건조,맑음,교차로 - 교차로부근,승용,남,38세,상해없음,승용,여,65세,경상
2022062000100380,2022년 6월 20일 15시,월요일,전라북도 전주시 덕진구 여의동,경상사고,0,0,3,0,차대차 - 측면충돌,교차로운행방법위반,포장 - 건조,맑음,교차로 - 교차로안,승용,남,60세,상해없음,승용,남,41세,경상
2022062000100596,2022년 6월 20일 22시,월요일,전라북도 전주시 완산구 효자동2가,중상사고,0,1,0,0,차대사람 - 횡단중,신호위반,포장 - 건조,맑음,교차로 - 교차로횡단보도내,승용,여,67세,상해없음,보행자,남,67세,중상
2022062100100055,2022년 6월 21일 07시,화요일,전라북도 전주시 덕진구 여의동,경상사고,0,0,1,0,차대차 - 추돌,안전운전불이행,포장 - 건조,맑음,단일로 - 기타,승용,여,40세,상해없음,승용,남,61세,경상
2022062100100128,2022년 6월 21일 09시,화요일,전라북도 전주시 완산구 서신동,경상사고,0,0,1,0,차대차 - 추돌,신호위반,포장 - 건조,맑음,교차로 - 교차로안,승용,여,66세,상해없음,승용,여,59세,상해없음
2022062100100129,2022년 6월 21일 09시,화요일,전라북도 전주시 완산구 서신동,중상사고,0,1,2,0,차대차 - 추돌,안전운전불이행,포장 - 건조,맑음,단일로 - 기타,승용,남,26세,상해없음,승용,남,74세,경상
2022062100100219,2022년 6월 21일 12시,화요일,전라북도 전주시 완산구 중앙동1가,경상사고,0,0,1,0,차대사람 - 횡단중,보행자보호의무위반,포장 - 건조,맑음,단일로 - 기타,승용,남,68세,상해없음,보행자,남,67세,경상
2022062100100249,2022년 6월 21일 13시,화요일,전라북도 전주시 완산구 서신동,경상사고,0,0,6,0,차대차 - 측면충돌,차로위반,포장 - 건조,맑음,교차로 - 교차로부근,승용,여,57세,상해없음,승합,여,21세,경상
2022062100100289,2022년 6월 21일 14시,화요일,전라북도 전주시 완산구 중노송동,중상사고,0,1,0,0,차대차 - 측면충돌,안전운전불이행,포장 - 건조,맑음,교차로 - 교차로안,승용,여,30세,상해없음,이륜,남,45세,중상
2022062100100337,2022년 6월 21일 15시,화요일,전라북도 전주시 완산구 삼천동1가,경상사고,0,0,1,0,차대차 - 추돌,안전운전불이행,포장 - 건조,맑음,교차로 - 교차로안,승용,여,67세,상해없음,화물,남,32세,경상
2022062100100338,2022년 6월 21일 15시,화요일,전라북도 전주시 덕진구 우아동2가,경상사고,0,0,1,0,차대차 - 추돌,안전운전불이행,포장 - 건조,맑음,교차로 - 교차로부근,화물,남,63세,상해없음,승용,남,63세,경상
2022062100100532,2022년 6월 21일 20시,화요일,전라북도 전주시 완산구 중화산동2가,경상사고,0,0,1,0,차대차 - 후진중충돌,안전운전불이행,포장 - 건조,맑음,기타 - 기타,승용,남,66세,상해없음,승용,남,39세,경상
2022062200100031,2022년 6월 22일 04시,수요일,전라북도 전주시 완산구 중화산동2가,중상사고,0,1,0,0,차대사람 - 횡단중,안전운전불이행,포장 - 건조,맑음,교차로 - 교차로부근,승용,남,75세,상해없음,보행자,남,53세,중상
2022062200100049,2022년 6월 22일 06시,수요일,전라북도 전주시 완산구 효자동1가,사망사고,1,1,3,0,차대차 - 측면충돌,안전운전불이행,포장 - 건조,맑음,교차로 - 교차로안,승용,남,37세,경상,승용,남,54세,경상
2022062200100069,2022년 6월 22일 07시,수요일,전라북도 전주시 완산구 용복동,중상사고,0,1,0,0,차대사람 - 차도통행중,중앙선침범,포장 - 건조,맑음,단일로 - 기타,화물,남,61세,상해없음,보행자,여,65세,중상
2022062200100113,2022년 6월 22일 08시,수요일,전라북도 전주시 완산구 효자동2가,경상사고,0,0,1,0,차대차 - 정면충돌,안전운전불이행,포장 - 건조,맑음,주차장 - 주차장,화물,남,40세,상해없음,자전거,남,56세,경상
2022062200100114,2022년 6월 22일 08시,수요일,전라북도 전주시 덕진구 인후동2가,경상사고,0,0,1,0,차대사람 - 횡단중,안전운전불이행,포장 - 건조,맑음,단일로 - 기타,승용,여,38세,상해없음,보행자,남,72세,경상
2022062200100186,2022년 6월 22일 10시,수요일,전라북도 전주시 완산구 평화동1가,경상사고,0,0,2,0,차대사람 - 보도통행중,기타,포장 - 건조,맑음,단일로 - 기타,이륜,남,20세,상해없음,보행자,여,36세,경상
2022062200100187,2022년 6월 22일 10시,수요일,전라북도 전주시 덕진구 송천동2가,경상사고,0,0,1,0,차대차 - 추돌,안전운전불이행,포장 - 건조,맑음,교차로 - 교차로안,화물,남,26세,상해없음,승용,여,41세,경상
2022062200100188,2022년 6월 22일 10시,수요일,전라북도 전주시 덕진구 금암동,중상사고,0,1,0,0,차대차 - 측면충돌,안전운전불이행,포장 - 건조,맑음,단일로 - 기타,승용,남,67세,상해없음,자전거,남,66세,중상
2022062200100215,2022년 6월 22일 11시,수요일,전라북도 전주시 완산구 평화동2가,경상사고,0,0,3,0,차대차 - 정면충돌,신호위반,포장 - 건조,맑음,교차로 - 교차로안,승용,여,53세,경상,승용,남,63세,경상
2022062200100275,2022년 6월 22일 13시,수요일,전라북도 전주시 완산구 중화산동1가,중상사고,0,1,0,0,차대사람 - 기타,안전운전불이행,포장 - 건조,맑음,교차로 - 교차로부근,승용,남,64세,상해없음,보행자,남,9세,중상
2022062200100276,2022년 6월 22일 13시,수요일,전라북도 전주시 완산구 평화동3가,경상사고,0,0,1,0,차대차 - 추돌,안전운전불이행,포장 - 건조,맑음,주차장 - 주차장,승용,여,26세,상해없음,승용,여,40세,경상
2022062200100358,2022년 6월 22일 15시,수요일,전라북도 전주시 덕진구 인후동1가,경상사고,0,0,1,0,차대차 - 후진중충돌,안전운전불이행,포장 - 건조,맑음,단일로 - 기타,승용,여,40세,상해없음,원동기,남,20세,경상
2022062200100493,2022년 6월 22일 18시,수요일,전라북도 전주시 완산구 중화산동2가,중상사고,0,1,0,0,차대차 - 측면충돌,안전운전불이행,포장 - 건조,맑음,교차로 - 교차로안,승용,남,29세,상해없음,개인형이동수단(PM),남,16세,중상
2022062300100122,2022년 6월 23일 08시,목요일,전라북도 전주시 덕진구 덕진동1가,경상사고,0,0,1,0,차대차 - 추돌,안전운전불이행,포장 - 건조,맑음,교차로 - 교차로부근,승용,여,30세,상해없음,승용,여,25세,경상
2022062300100238,2022년 6월 23일 12시,목요일,전라북도 전주시 완산구 서신동,경상사고,0,0,1,0,차대차 - 측면충돌,안전운전불이행,포장 - 젖음/습기,비,교차로 - 교차로안,화물,남,59세,상해없음,승용,여,56세,경상
2022062300100307,2022년 6월 23일 14시,목요일,전라북도 전주시 완산구 효자동3가,경상사고,0,0,3,0,차대차 - 측면충돌,신호위반,포장 - 젖음/습기,비,교차로 - 교차로안,승용,남,49세,상해없음,승용,남,57세,경상
2022062300100330,2022년 6월 23일 15시,목요일,전라북도 전주시 완산구 서노송동,경상사고,0,0,1,0,차대사람 - 기타,기타,포장 - 건조,맑음,기타 - 기타,승합,남,70세,기타불명,보행자,여,63세,경상
2022062300100455,2022년 6월 23일 18시,목요일,전라북도 전주시 완산구 평화동2가,경상사고,0,0,2,0,차대차 - 측면충돌,안전운전불이행,포장 - 건조,맑음,교차로 - 교차로부근,승용,남,70세,경상,승용,여,31세,경상
2022062300100502,2022년 6월 23일 19시,목요일,전라북도 전주시 완산구 경원동1가,경상사고,0,0,1,0,차대차 - 추돌,안전운전불이행,포장 - 젖음/습기,비,교차로 - 교차로부근,화물,남,56세,상해없음,승용,남,33세,경상
2022062300100503,2022년 6월 23일 19시,목요일,전라북도 전주시 덕진구 덕진동2가,경상사고,0,0,1,0,차대차 - 측면충돌,안전거리미확보,포장 - 젖음/습기,비,단일로 - 기타,화물,남,61세,상해없음,승용,남,39세,경상
2022062300100542,2022년 6월 23일 20시,목요일,전라북도 전주시 덕진구 우아동2가,중상사고,0,1,0,0,차대사람 - 횡단중,안전운전불이행,포장 - 젖음/습기,비,교차로 - 교차로횡단보도내,이륜,남,37세,상해없음,보행자,남,50세,중상
2022062300100653,2022년 6월 23일 23시,목요일,전라북도 전주시 완산구 대성동,경상사고,0,0,1,0,차량단독 - 공작물충돌,안전운전불이행,포장 - 젖음/습기,비,기타 - 기타,승용,남,50세,경상,,,,
2022062300100654,2022년 6월 23일 23시,목요일,전라북도 전주시 덕진구 우아동3가,경상사고,0,0,1,0,차대사람 - 횡단중,보행자보호의무위반,포장 - 젖음/습기,비,교차로 - 교차로횡단보도내,승용,남,39세,상해없음,보행자,여,28세,경상
2022062400100029,2022년 6월 24일 01시,금요일,전라북도 전주시 완산구 중화산동2가,경상사고,0,0,2,0,차대차 - 기타,안전운전불이행,포장 - 젖음/습기,비,교차로 - 교차로안,승용,남,23세,경상,승용,여,27세,경상
2022062400100078,2022년 6월 24일 06시,금요일,전라북도 전주시 완산구 서신동,경상사고,0,0,1,0,차대차 - 측면충돌,안전운전불이행,포장 - 건조,흐림,교차로 - 교차로횡단보도내,승용,여,56세,상해없음,자전거,남,73세,경상
2022062400100120,2022년 6월 24일 08시,금요일,전라북도 전주시 덕진구 반월동,경상사고,0,0,1,0,차대차 - 추돌,안전거리미확보,포장 - 젖음/습기,흐림,단일로 - 기타,승용,여,36세,상해없음,승용,남,29세,경상
2022062400100235,2022년 6월 24일 12시,금요일,전라북도 전주시 덕진구 덕진동2가,경상사고,0,0,4,0,차대차 - 측면충돌,직진우회전진행방해,포장 - 건조,맑음,교차로 - 교차로안,화물,남,30세,상해없음,승용,남,69세,경상
2022062400100265,2022년 6월 24일 13시,금요일,전라북도 전주시 덕진구 금암동,경상사고,0,0,2,0,차대차 - 측면충돌,안전운전불이행,포장 - 건조,맑음,교차로 - 교차로안,승용,남,64세,상해없음,승용,여,70세,경상
2022062400100482,2022년 6월 24일 18시,금요일,전라북도 전주시 완산구 평화동1가,경상사고,0,0,1,0,차대차 - 추돌,안전운전불이행,포장 - 건조,맑음,교차로 - 교차로부근,승용,여,56세,상해없음,승용,여,40세,경상
2022062400100554,2022년 6월 24일 20시,금요일,전라북도 전주시 완산구 중화산동2가,중상사고,0,1,0,0,차대사람 - 기타,안전운전불이행,포장 - 건조,맑음,기타 - 기타,승용,여,56세,상해없음,보행자,남,65세,중상
2022062500100205,2022년 6월 25일 11시,토요일,전라북도 전주시 완산구 동서학동,경상사고,0,0,2,0,차대차 - 측면충돌,신호위반,포장 - 건조,맑음,교차로 - 교차로안,승용,여,66세,경상,승용,남,53세,경상
2022062500100297,2022년 6월 25일 13시,토요일,전라북도 전주시 완산구 서신동,경상사고,0,0,1,0,차대사람 - 기타,안전운전불이행,포장 - 건조,맑음,단일로 - 기타,승용,남,49세,상해없음,보행자,여,80세,경상
2022062500100298,2022년 6월 25일 13시,토요일,전라북도 전주시 덕진구 우아동3가,경상사고,0,0,1,0,차대차 - 측면충돌,안전운전불이행,포장 - 건조,맑음,교차로 - 교차로부근,승용,여,31세,상해없음,승용,여,61세,경상