사고번호,사고일시,요일,시군구,사고내용,사망자수,중상자수,경상자수,부상신고자수,사고유형,법규위반,노면상태,기상상태,도로형태,가해운전자 차종,가해운전자 성별,가해운전자 연령,가해운전자 상해정도,피해운전자 차종,피해운전자 성별,피해운전자 연령,피해운전자 상해정도
2022062600100103,2022년 6월 26일 10시,일요일,전라북도 전주시 덕진구 진북동,중상사고,0,2,0,0,차대차 - 측면충돌,신호위반,포장 - 건조,맑음,교차로 - 교차로안,승용,남,73세,상해없음,승용,남,51세,중상
2022062600100138,2022년 6월 26일 12시,일요일,전라북도 전주시 완산구 중노송동,중상사고,0,1,0,0,차대사람 - 횡단중,안전운전불이행,포장 - 건조,맑음,교차로 - 교차로횡단보도내,승용,여,48세,상해없음,보행자,여,84세,중상
2022062600100185,2022년 6월 26일 14시,일요일,전라북도 전주시 덕진구 송천동1가,경상사고,0,0,1,0,차대차 - 후진중충돌,안전운전불이행,포장 - 건조,맑음,단일로 - 기타,화물,여,31세,상해없음,승용,여,61세,경상
2022062600100277,2022년 6월 26일 17시,일요일,전라북도 전주시 완산구 효자동2가,경상사고,0,0,1,0,차대차 - 측면충돌,안전운전불이행,포장 - 건조,맑음,단일로 - 기타,승용,남,67세,상해없음,이륜,남,30세,경상
2022062700100135,2022년 6월 27일 09시,월요일,전라북도 전주시 완산구 동완산동,경상사고,0,0,1,0,차대차 - 측면충돌,안전거리미확보,포장 - 건조,맑음,단일로 - 기타,승용,남,82세,상해없음,승용,여,55세,경상
2022062700100203,2022년 6월 27일 11시,월요일,전라북도 전주시 완산구 서서학동,중상사고,0,1,0,0,차대사람 - 횡단중,보행자보호의무위반,포장 - 건조,맑음,교차로 - 교차로횡단보도내,승용,남,57세,상해없음,보행자,여,78세,중상
2022062700100230,2022년 6월 27일 12시,월요일,전라북도 전주시 완산구 서신동,경상사고,0,0,1,0,차대차 - 측면충돌,신호위반,포장 - 건조,맑음,단일로 - 기타,승용,남,82세,상해없음,승용,여,31세,경상
2022062700100231,2022년 6월 27일 12시,월요일,전라북도 전주시 완산구 중화산동2가,경상사고,0,0,2,0,차대차 - 정면충돌,신호위반,포장 - 건조,맑음,교차로 - 교차로안,승용,여,41세,상해없음,승용,남,31세,경상
2022062700100232,2022년 6월 27일 12시,월요일,전라북도 전주시 덕진구 우아동1가,경상사고,0,0,1,0,차대차 - 측면충돌,안전운전불이행,포장 - 건조,맑음,교차로 - 교차로안,승용,남,54세,상해없음,승용,남,41세,경상
2022062700100437,2022년 6월 27일 18시,월요일,전라북도 전주시 덕진구 인후동1가,경상사고,0,0,1,0,차대사람 - 횡단중,보행자보호의무위반,포장 - 건조,맑음,교차로 - 교차로횡단보도내,승용,남,53세,상해없음,보행자,남,70세,경상
2022062700100549,2022년 6월 27일 23시,월요일,전라북도 전주시 완산구 중화산동2가,경상사고,0,0,1,0,차대차 - 측면충돌,안전운전불이행,포장 - 건조,맑음,교차로 - 교차로안,이륜,남,21세,상해없음,승용,남,49세,경상
2022062800100210,2022년 6월 28일 12시,화요일,전라북도 전주시 덕진구 중동,경상사고,0,0,1,0,차대차 - 측면충돌,안전거리미확보,포장 - 건조,맑음,교차로 - 교차로안,승용,여,62세,상해없음,이륜,남,21세,경상
2022062800100521,2022년 6월 28일 21시,화요일,전라북도 전주시 완산구 서서학동,경상사고,0,0,1,0,차대차 - 정면충돌,안전운전불이행,포장 - 건조,맑음,단일로 - 기타,원동기,여,20세,상해없음,승용,여,48세,경상
2022062800100545,2022년 6월 28일 22시,화요일,전라북도 전주시 덕진구 호성동1가,경상사고,0,0,1,0,차대사람 - 보도통행중,안전운전불이행,포장 - 건조,맑음,기타 - 기타,개인형이동수단(PM),남,15세,상해없음,보행자,여,27세,경상
2022062900100364,2022년 6월 29일 16시,수요일,전라북도 전주시 덕진구 송천동1가,경상사고,0,0,2,0,차대차 - 측면충돌,안전운전불이행,포장 - 침수,맑음,교차로 - 교차로안,개인형이동수단(PM),남,17세,상해없음,승용,남,25세,경상
2022062900100552,2022년 6월 29일 21시,수요일,전라북도 전주시 덕진구 중동,경상사고,0,0,3,0,차대차 - 측면충돌,안전운전불이행,포장 - 젖음/습기,흐림,교차로 - 교차로안,승용,남,24세,상해없음,승용,여,37세,경상
2022062900100596,2022년 6월 29일 23시,수요일,전라북도 전주시 완산구 서신동,경상사고,0,0,1,0,차대차 - 기타,안전운전불이행,포장 - 건조,맑음,주차장 - 주차장,승용,남,54세,상해없음,승용,남,42세,경상
2022063000100053,2022년 6월 30일 03시,목요일,전라북도 전주시 완산구 중화산동2가,경상사고,0,0,1,0,차대차 - 측면충돌,안전운전불이행,포장 - 젖음/습기,비,교차로 - 교차로부근,승용,남,17세,상해없음,승용,남,42세,경상
2022063000100127,2022년 6월 30일 08시,목요일,전라북도 전주시 완산구 경원동1가,경상사고,0,0,1,0,차대차 - 측면충돌,신호위반,포장 - 건조,맑음,교차로 - 교차로안,승용,남,21세,기타불명,승용,여,46세,경상
2022063000100128,2022년 6월 30일 08시,목요일,전라북도 전주시 완산구 풍남동2가,경상사고,0,0,1,0,차대차 - 기타,안전운전불이행,포장 - 건조,맑음,교차로 - 교차로부근,자전거,남,30세,경상,승용,여,49세,상해없음
2022063000100168,2022년 6월 30일 09시,목요일,전라북도 전주시 완산구 효자동1가,경상사고,0,0,1,0,차대차 - 측면충돌,안전운전불이행,포장 - 젖음/습기,맑음,교차로 - 교차로안,화물,남,63세,상해없음,승용,여,48세,경상
2022063000100259,2022년 6월 30일 13시,목요일,전라북도 전주시 완산구 상림동,경상사고,0,0,1,0,차대차 - 정면충돌,중앙선침범,포장 - 건조,맑음,단일로 - 기타,승용,남,54세,상해없음,승용,남,55세,경상
2022063000100314,2022년 6월 30일 15시,목요일,전라북도 전주시 덕진구 송천동2가,경상사고,0,0,1,0,차대사람 - 횡단중,보행자보호의무위반,포장 - 건조,맑음,교차로 - 교차로횡단보도내,승용,남,64세,상해없음,보행자,여,11세,경상
2022063000100354,2022년 6월 30일 16시,목요일,전라북도 전주시 덕진구 금암동,경상사고,0,0,2,0,차대차 - 추돌,안전운전불이행,포장 - 건조,맑음,단일로 - 기타,화물,남,38세,상해없음,승용,여,36세,경상
2022063000100392,2022년 6월 30일 17시,목요일,전라북도 전주시 덕진구 금암동,중상사고,0,1,0,0,차대사람 - 횡단중,보행자보호의무위반,포장 - 건조,맑음,교차로 - 교차로횡단보도내,이륜,남,27세,상해없음,보행자,여,29세,중상
2022063000100571,2022년 6월 30일 22시,목요일,전라북도 전주시 덕진구 송천동2가,경상사고,0,0,1,0,차대차 - 측면충돌,신호위반,포장 - 건조,맑음,교차로 - 교차로안,승용,여,48세,상해없음,승용,남,33세,경상
2022070100100007,2022년 7월 1일 00시,금요일,전라북도 전주시 완산구 효자동3가,경상사고,0,0,1,0,차대차 - 후진중충돌,안전운전불이행,포장 - 건조,맑음,단일로 - 기타,화물,남,42세,상해없음,승용,남,27세,경상
2022070100100029,2022년 7월 1일 03시,금요일,전라북도 전주시 덕진구 덕진동1가,경상사고,0,0,1,0,차대차 - 추돌,안전운전불이행,포장 - 건조,맑음,단일로 - 기타,승용,남,19세,상해없음,승용,남,68세,경상
2022070100100354,2022년 7월 1일 15시,금요일,전라북도 전주시 완산구 삼천동1가,중상사고,0,1,0,0,차대사람 - 횡단중,보행자보호의무위반,포장 - 건조,맑음,교차로 - 교차로횡단보도내,화물,남,60세,상해없음,보행자,여,52세,중상
2022070100100355,2022년 7월 1일 15시,금요일,전라북도 전주시 덕진구 금암동,경상사고,0,0,1,0,차대차 - 추돌,안전운전불이행,포장 - 건조,맑음,교차로 - 교차로부근,승용,남,57세,상해없음,승용,남,38세,경상
2022070100100533,2022년 7월 1일 18시,금요일,전라북도 전주시 완산구 서신동,경상사고,0,0,3,0,차대차 - 정면충돌,안전운전불이행,포장 - 건조,맑음,단일로 - 기타,승용,남,41세,상해없음,승용,남,56세,경상
2022070100100677,2022년 7월 1일 22시,금요일,전라북도 전주시 덕진구 덕진동2가,중상사고,0,1,0,0,차대차 - 측면충돌,중앙선침범,포장 - 건조,맑음,단일로 - 기타,승용,남,23세,상해없음,이륜,남,37세,중상
2022070100100700,2022년 7월 1일 23시,금요일,전라북도 전주시 덕진구 인후동2가,경상사고,0,0,3,0,차대차 - 측면충돌,안전운전불이행,포장 - 건조,맑음,교차로 - 교차로부근,승용,여,34세,상해없음,승용,남,32세,경상
2022070200100008,2022년 7월 2일 00시,토요일,전라북도 전주시 덕진구 덕진동1가,경상사고,0,0,2,0,차대차 - 추돌,안전운전불이행,포장 - 건조,맑음,교차로 - 교차로부근,승용,남,54세,상해없음,승용,남,39세,경상
2022070200100057,2022년 7월 2일 04시,토요일,전라북도 전주시 완산구 효자동3가,경상사고,0,0,3,0,차대차 - 후진중충돌,안전운전불이행,포장 - 건조,맑음,단일로 - 기타,승용,남,32세,상해없음,승용,남,26세,경상
2022070300100200,2022년 7월 3일 13시,일요일,전라북도 전주시 덕진구 고랑동,중상사고,0,1,0,0,차량단독 - 공작물충돌,안전운전불이행,포장 - 건조,맑음,교차로 - 교차로부근,화물,남,67세,상해없음,,,,
2022070300100234,2022년 7월 3일 14시,일요일,전라북도 전주시 덕진구 인후동1가,경상사고,0,0,2,0,차대차 - 추돌,안전운전불이행,포장 - 건조,맑음,교차로 - 교차로안,승용,여,58세,상해없음,승용,여,52세,경상
2022070300100378,2022년 7월 3일 19시,일요일,전라북도 전주시 완산구 효자동3가,경상사고,0,0,4,0,차대차 - 추돌,안전운전불이행,포장 - 건조,맑음,단일로 - 기타,승용,여,57세,상해없음,승용,여,24세,경상
2022070300100470,2022년 7월 3일 23시,일요일,전라북도 전주시 덕진구 송천동2가,경상사고,0,0,1,0,차대사람 - 횡단중,보행자보호의무위반,포장 - 건조,맑음,교차로 - 교차로횡단보도내,승용,남,20세,상해없음,보행자,남,33세,경상
2022070400100097,2022년 7월 4일 08시,월요일,전라북도 전주시 완산구 중화산동2가,경상사고,0,0,1,0,차대차 - 측면충돌,안전운전불이행,포장 - 건조,맑음,교차로 - 교차로안,화물,남,58세,상해없음,자전거,여,24세,경상
2022070400100236,2022년 7월 4일 12시,월요일,전라북도 전주시 완산구 삼천동2가,경상사고,0,0,1,0,차대사람 - 기타,안전운전불이행,포장 - 건조,맑음,단일로 - 기타,승용,남,72세,기타불명,보행자,남,13세,경상
2022070400100237,2022년 7월 4일 12시,월요일,전라북도 전주시 덕진구 용정동,경상사고,0,0,4,0,차대차 - 측면충돌,안전거리미확보,포장 - 건조,맑음,단일로 - 기타,승용,여,58세,경상,승용,여,76세,경상
2022070400100272,2022년 7월 4일 13시,월요일,전라북도 전주시 완산구 평화동1가,경상사고,0,0,1,0,차대차 - 측면충돌,안전운전불이행,포장 - 건조,맑음,교차로 - 교차로안,원동기,남,52세,상해없음,원동기,남,36세,경상
2022070400100365,2022년 7월 4일 16시,월요일,전라북도 전주시 완산구 중화산동2가,경상사고,0,0,2,0,차량단독 - 공작물충돌,안전운전불이행,포장 - 건조,맑음,기타 - 기타,승용,남,50세,상해없음,,,,
2022070400100416,2022년 7월 4일 17시,월요일,전라북도 전주시 덕진구 여의동,경상사고,0,0,4,0,차대차 - 추돌,안전운전불이행,포장 - 건조,맑음,교차로 - 교차로부근,승용,여,35세,상해없음,승용,여,38세,경상
2022070400100465,2022년 7월 4일 18시,월요일,전라북도 전주시 덕진구 호성동1가,경상사고,0,0,1,0,차대사람 - 횡단중,보행자보호의무위반,포장 - 건조,맑음,교차로 - 교차로횡단보도내,승용,남,53세,상해없음,보행자,여,63세,경상
2022070400100550,2022년 7월 4일 21시,월요일,전라북도 전주시 완산구 상림동,중상사고,0,1,2,0,차대차 - 측면충돌,안전거리미확보,포장 - 건조,맑음,교차로 - 교차로부근,화물,남,40세,경상,승용,남,58세,중상
2022070500100007,2022년 7월 5일 00시,화요일,전라북도 전주시 완산구 중노송동,경상사고,0,0,1,0,차대차 - 추돌,안전운전불이행,포장 - 건조,맑음,교차로 - 교차로부근,승용,남,46세,상해없음,승용,여,33세,경상
2022070500100142,2022년 7월 5일 09시,화요일,전라북도 전주시 완산구 서노송동,경상사고,0,0,1,0,차대차 - 측면충돌,안전운전불이행,포장 - 건조,맑음,교차로 - 교차로안,승용,남,63세,상해없음,승용,남,30세,경상
2022070500100293,2022년 7월 5일 14시,화요일,전라북도 전주시 완산구 효자동2가,경상사고,0,0,1,0,차대차 - 정면충돌,안전운전불이행,포장 - 건조,맑음,교차로 - 교차로부근,승용,여,40세,상해없음,승용,남,30세,경상
2022070500100419,2022년 7월 5일 17시,화요일,전라북도 전주시 완산구 효자동2가,경상사고,0,0,1,0,차대차 - 후진중충돌,안전운전불이행,포장 - 건조,맑음,기타 - 기타,승용,남,65세,상해없음,자전거,남,15세,경상
2022070500100459,2022년 7월 5일 18시,화요일,전라북도 전주시 덕진구 인후동2가,경상사고,0,0,1,0,차대차 - 측면충돌,기타,포장 - 건조,맑음,교차로 - 교차로횡단보도내,승용,남,67세,상해없음,개인형이동수단(PM),남,25세,경상
2022070500100524,2022년 7월 5일 20시,화요일,전라북도 전주시 완산구 효자동3가,경상사고,0,0,2,0,차대차 - 측면충돌,직진우회전진행방해,포장 - 건조,맑음,교차로 - 교차로안,승용,여,59세,상해없음,승용,여,46세,경상
2022070500100525,2022년 7월 5일 20시,화요일,전라북도 전주시 완산구 효자동1가,경상사고,0,0,1,0,차대사람 - 기타,안전운전불이행,포장 - 건조,맑음,기타 - 기타,자전거,남,18세,상해없음,보행자,여,79세,경상
2022070600100197,2022년 7월 6일 11시,수요일,전라북도 전주시 완산구 서신동,경상사고,0,0,1,0,차대차 - 측면충돌,안전운전불이행,포장 - 건조,맑음,교차로 - 교차로안,승용,남,56세,상해없음,승용,여,65세,경상
2022070600100427,2022년 7월 6일 18시,수요일,전라북도 전주시 완산구 효자동2가,중상사고,0,2,0,0,차대사람 - 횡단중,신호위반,포장 - 건조,맑음,단일로 - 기타,승용,여,35세,상해없음,보행자,여,28세,중상
2022070600100467,2022년 7월 6일 19시,수요일,전라북도 전주시 완산구 효자동2가,경상사고,0,0,2,0,차대차 - 정면충돌,기타,포장 - 건조,맑음,교차로 - 교차로안,승용,남,62세,상해없음,승용,여,24세,경상
2022070600100531,2022년 7월 6일 21시,수요일,전라북도 전주시 완산구 서신동,경상사고,0,0,1,0,차대사람 - 횡단중,보행자보호의무위반,포장 - 건조,맑음,교차로 - 교차로횡단보도내,승용,여,70세,상해없음,보행자,남,56세,경상
2022070600100573,2022년 7월 6일 22시,수요일,전라북도 전주시 덕진구 진북동,경상사고,0,0,2,0,차대차 - 측면충돌,신호위반,포장 - 건조,맑음,교차로 - 교차로안,화물,남,34세,경상,승용,남,77세,경상
2022070700100118,2022년 7월 7일 08시,목요일,전라북도 전주시 완산구 서완산동1가,경상사고,0,0,1,0,차대차 - 측면충돌,안전운전불이행,포장 - 건조,맑음,단일로 - 기타,승용,남,60세,기타불명,승용,여,28세,경상
2022070700100119,2022년 7월 7일 08시,목요일,전라북도 전주시 덕진구 강흥동,경상사고,0,0,2,0,차대차 - 추돌,안전운전불이행,포장 - 건조,맑음,단일로 - 기타,승용,남,30세,상해없음,승용,남,34세,경상
2022070700100166,2022년 7월 7일 09시,목요일,전라북도 전주시 완산구 평화동2가,경상사고,0,0,1,0,차대사람 - 횡단중,보행자보호의무위반,포장 - 건조,맑음,단일로 - 기타,승용,여,54세,상해없음,보행자,여,42세,경상
2022070700100167,2022년 7월 7일 09시,목요일,전라북도 전주시 덕진구 우아동1가,중상사고,0,1,0,0,차량단독 - 전도전복 - 전도,안전운전불이행,포장 - 건조,맑음,단일로 - 기타,이륜,남,68세,중상,,,,
2022070700100235,2022년 7월 7일 11시,목요일,전라북도 전주시 완산구 서신동,경상사고,0,0,1,0,차대차 - 측면충돌,안전운전불이행,포장 - 건조,맑음,단일로 - 기타,승용,남,24세,상해없음,승용,여,50세,경상
2022070700100295,2022년 7월 7일 13시,목요일,전라북도 전주시 덕진구 팔복동2가,경상사고,0,0,2,0,차대차 - 측면충돌,안전운전불이행,포장 - 건조,맑음,교차로 - 교차로부근,승용,남,49세,상해없음,승용,남,36세,경상
2022070700100355,2022년 7월 7일 15시,목요일,전라북도 전주시 완산구 삼천동1가,경상사고,0,0,1,0,차대사람 - 횡단중,안전운전불이행,포장 - 건조,맑음,교차로 - 교차로안,승용,여,44세,상해없음,보행자,남,69세,경상
2022070700100438,2022년 7월 7일 17시,목요일,전라북도 전주시 덕진구 덕진동1가,경상사고,0,0,1,0,차대차 - 정면충돌,안전운전불이행,포장 - 건조,맑음,교차로 - 교차로부근,승용,여,61세,상해없음,승용,여,61세,상해없음
2022070700100471,2022년 7월 7일 18시,목요일,전라북도 전주시 덕진구 인후동1가,경상사고,0,0,1,0,차대사람 - 횡단중,신호위반,포장 - 건조,맑음,교차로 - 교차로횡단보도내,이륜,남,38세,상해없음,보행자,남,7세,경상
2022070800100102,2022년 7월 8일 08시,금요일,전라북도 전주시 완산구 효자동2가,경상사고,0,0,1,0,차대사람 - 횡단중,안전운전불이행,포장 - 건조,맑음,교차로 - 교차로부근,승용,남,42세,상해없음,보행자,여,68세,경상
2022070800100238,2022년 7월 8일 12시,금요일,전라북도 전주시 완산구 삼천동1가,경상사고,0,0,2,0,차대차 - 추돌,안전운전불이행,포장 - 건조,맑음,교차로 - 교차로부근,승용,여,21세,상해없음,승용,남,45세,경상
2022070800100341,2022년 7월 8일 15시,금요일,전라북도 전주시 덕진구 송천동2가,경상사고,0,0,1,0,차대차 - 측면충돌,안전운전불이행,포장 - 건조,맑음,교차로 - 교차로부근,승용,여,30세,상해없음,승용,여,36세,경상
2022070800100420,2022년 7월 8일 17시,금요일,전라북도 전주시 완산구 서신동,경상사고,0,0,1,0,차량단독 - 기타,안전운전불이행,포장 - 건조,맑음,단일로 - 기타,승용,남,61세,상해없음,,,,
2022070800100576,2022년 7월 8일 21시,금요일,전라북도 전주시 완산구 효자동2가,경상사고,0,0,1,0,차대사람 - 보도통행중,기타,포장 - 건조,맑음,단일로 - 기타,개인형이동수단(PM),남,52세,상해없음,보행자,여,31세,경상
2022070800100601,2022년 7월 8일 22시,금요일,전라북도 전주시 덕진구 인후동1가,경상사고,0,0,1,0,차대차 - 측면충돌,신호위반,포장 - 건조,맑음,교차로 - 교차로부근,승용,여,44세,상해없음,이륜,남,28세,경상
2022070900100183,2022년 7월 9일 11시,토요일,전라북도 전주시 완산구 효자동2가,경상사고,0,0,1,0,차대차 - 측면충돌,안전거리미확보,포장 - 건조,맑음,단일로 - 교량,승용,남,55세,기타불명,승용,여,65세,경상
2022070900100210,2022년 7월 9일 12시,토요일,전라북도 전주시 덕진구 덕진동1가,경상사고,0,0,2,0,차대차 - 기타,안전운전불이행,포장 - 건조,맑음,단일로 - 기타,승용,남,33세,상해없음,승용,남,50세,경상
2022070900100446,2022년 7월 9일 18시,토요일,전라북도 전주시 완산구 효자동1가,경상사고,0,0,2,0,차대차 - 정면충돌,직진우회전진행방해,포장 - 건조,맑음,교차로 - 교차로안,승합,남,49세,상해없음,이륜,남,21세,경상
2022071100100393,2022년 7월 11일 16시,월요일,전라북도 전주시 완산구 효자동2가,경상사고,0,0,3,0,차대차 - 기타,안전운전불이행,포장 - 건조,맑음,교차로 - 교차로안,승용,여,52세,경상,승합,남,57세,경상
2022071100100434,2022년 7월 11일 17시,월요일,전라북도 전주시 완산구 서신동,중상사고,0,1,1,0,차대차 - 기타,안전거리미확보,포장 - 건조,맑음,교차로 - 교차로부근,승용,남,43세,상해없음,이륜,남,77세,중상
2022071100100524,2022년 7월 11일 19시,월요일,전라북도 전주시 완산구 효자동1가,경상사고,0,0,1,0,차대사람 - 횡단중,신호위반,포장 - 건조,맑음,교차로 - 교차로횡단보도내,승용,여,53세,상해없음,보행자,여,54세,경상
2022071200100205,2022년 7월 12일 12시,화요일,전라북도 전주시 완산구 효자동2가,경상사고,0,0,1,0,차대차 - 측면충돌,신호위반,포장 - 건조,맑음,교차로 - 교차로안,승용,여,56세,상해없음,승용,여,41세,경상
2022071200100230,2022년 7월 12일 13시,화요일,전라북도 전주시 완산구 효자동1가,경상사고,0,0,1,0,차대차 - 기타,안전운전불이행,포장 - 건조,맑음,단일로 - 기타,승용,남,73세,기타불명,화물,여,48세,경상
2022071200100294,2022년 7월 12일 15시,화요일,전라북도 전주시 완산구 중화산동2가,경상사고,0,0,1,0,차대차 - 측면충돌,안전운전불이행,포장 - 건조,맑음,단일로 - 기타,화물,남,60세,상해없음,화물,남,27세,경상
2022071200100363,2022년 7월 12일 17시,화요일,전라북도 전주시 완산구 효자동3가,경상사고,0,0,1,0,차대차 - 측면충돌,안전운전불이행,포장 - 젖음/습기,비,교차로 - 교차로부근,승용,남,19세,상해없음,원동기,여,21세,경상
2022071200100364,2022년 7월 12일 17시,화요일,전라북도 전주시 완산구 효자동1가,중상사고,0,1,0,0,차대사람 - 횡단중,보행자보호의무위반,포장 - 건조,맑음,교차로 - 교차로안,승용,여,25세,상해없음,보행자,여,73세,중상
2022071300100093,2022년 7월 13일 08시,수요일,전라북도 전주시 완산구 중화산동2가,경상사고,0,0,2,0,차대차 - 추돌,안전거리미확보,포장 - 건조,맑음,단일로 - 기타,승용,남,51세,경상,승용,남,28세,경상
2022071300100094,2022년 7월 13일 08시,수요일,전라북도 전주시 완산구 중화산동2가,경상사고,0,0,2,1,차대차 - 추돌,안전거리미확보,포장 - 건조,맑음,단일로 - 기타,승용,남,52세,상해없음,승용,남,51세,경상
2022071300100421,2022년 7월 13일 18시,수요일,전라북도 전주시 덕진구 송천동2가,경상사고,0,0,1,0,차대사람 - 횡단중,안전운전불이행,포장 - 건조,맑음,단일로 - 기타,승용,여,49세,상해없음,보행자,여,7세,경상
2022071300100467,2022년 7월 13일 19시,수요일,전라북도 전주시 완산구 용복동,경상사고,0,0,1,0,차대차 - 기타,안전운전불이행,포장 - 건조,맑음,단일로 - 기타,승용,남,26세,상해없음,승용,남,24세,경상
2022071300100468,2022년 7월 13일 19시,수요일,전라북도 전주시 완산구 효자동2가,중상사고,0,2,1,0,차대차 - 측면충돌,안전운전불이행,포장 - 건조,맑음,교차로 - 교차로안,승용,여,55세,상해없음,승용,남,32세,중상
2022071300100494,2022년 7월 13일 20시,수요일,전라북도 전주시 덕진구 중동,경상사고,0,0,1,0,차대차 - 측면충돌,불법유턴,포장 - 건조,맑음,교차로 - 교차로부근,승용,남,26세,상해없음,이륜,남,27세,경상
2022071300100517,2022년 7월 13일 21시,수요일,전라북도 전주시 완산구 효자동2가,경상사고,0,0,1,0,차대차 - 측면충돌,안전운전불이행,포장 - 건조,맑음,교차로 - 교차로안,승용,남,64세,상해없음,이륜,남,38세,경상
2022071400100023,2022년 7월 14일 01시,목요일,전라북도 전주시 덕진구 덕진동1가,경상사고,0,0,2,0,차대차 - 측면충돌,신호위반,포장 - 젖음/습기,비,교차로 - 교차로안,승용,남,58세,상해없음,승용,남,53세,경상
2022071400100065,2022년 7월 14일 06시,목요일,전라북도 전주시 완산구 서서학동,경상사고,0,0,1,0,차대차 - 측면충돌,안전운전불이행,포장 - 건조,맑음,단일로 - 기타,승용,여,44세,상해없음,자전거,남,66세,경상
2022071400100275,2022년 7월 14일 13시,목요일,전라북도 전주시 덕진구 진북동,경상사고,0,0,1,0,차대차 - 측면충돌,신호위반,포장 - 건조,맑음,교차로 - 교차로안,승용,남,79세,상해없음,화물,남,47세,경상
2022071400100399,2022년 7월 14일 16시,목요일,전라북도 전주시 덕진구 팔복동2가,중상사고,0,2,0,0,차대차 - 정면충돌,중앙선침범,포장 - 건조,맑음,단일로 - 기타,승용,남,61세,중상,승용,남,25세,중상
2022071400100494,2022년 7월 14일 18시,목요일,전라북도 전주시 완산구 서신동,경상사고,0,0,1,0,차대차 - 추돌,안전운전불이행,포장 - 건조,맑음,단일로 - 기타,승용,여,26세,상해없음,승용,남,61세,상해없음
2022071400100575,2022년 7월 14일 20시,목요일,전라북도 전주시 덕진구 인후동1가,중상사고,0,1,0,0,차대사람 - 기타,기타,포장 - 건조,맑음,단일로 - 기타,개인형이동수단(PM),여,13세,상해없음,보행자,여,2세,중상
2022071500100055,2022년 7월 15일 07시,금요일,전라북도 전주시 덕진구 팔복동2가,경상사고,0,0,1,0,차대차 - 기타,안전운전불이행,포장 - 건조,맑음,단일로 - 기타,승용,남,22세,상해없음,승용,남,34세,경상
2022071500100127,2022년 7월 15일 09시,금요일,전라북도 전주시 덕진구 덕진동1가,경상사고,0,0,1,0,차대차 - 후진중충돌,안전운전불이행,포장 - 건조,맑음,교차로 - 교차로부근,승용,남,77세,상해없음,승용,남,32세,경상
2022071500100411,2022년 7월 15일 17시,금요일,전라북도 전주시 완산구 효자동1가,중상사고,0,1,1,0,차대차 - 추돌,안전운전불이행,포장 - 건조,맑음,교차로 - 교차로안,승용,남,65세,상해없음,승용,남,52세,중상
2022071500100649,2022년 7월 15일 23시,금요일,전라북도 전주시 완산구 중노송동,경상사고,0,0,1,0,차대차 - 기타,안전운전불이행,포장 - 건조,맑음,교차로 - 교차로안,승용,여,32세,상해없음,승용,남,56세,경상
2022071600100059,2022년 7월 16일 04시,토요일,전라북도 전주시 완산구 평화동1가,경상사고,0,0,2,0,차량단독 - 공작물충돌,안전운전불이행,포장 - 건조,맑음,교차로 - 교차로부근,이륜,남,18세,경상,,,,
2022071600100273,2022년 7월 16일 14시,토요일,전라북도 전주시 완산구 중화산동2가,경상사고,0,0,2,0,차대차 - 추돌,안전거리미확보,포장 - 건조,맑음,교차로 - 교차로부근,승용,여,30세,상해없음,승용,여,20세,경상
2022071600100313,2022년 7월 16일 15시,토요일,전라북도 전주시 덕진구 금암동,경상사고,0,0,1,0,차대차 - 측면충돌,중앙선침범,포장 - 건조,맑음,교차로 - 교차로안,개인형이동수단(PM),남,25세,상해없음,이륜,남,44세,경상
2022071600100353,2022년 7월 16일 16시,토요일,전라북도 전주시 완산구 효자동1가,경상사고,0,0,1,0,차대차 - 기타,안전거리미확보,포장 - 건조,맑음,단일로 - 기타,승용,여,69세,상해없음,화물,남,55세,경상
2022071600100383,2022년 7월 16일 17시,토요일,전라북도 전주시 덕진구 팔복동3가,경상사고,0,0,3,1,차대차 - 추돌,안전운전불이행,포장 - 건조,맑음,교차로 - 교차로부근,승용,남,59세,상해없음,승용,여,31세,경상
2022071600100481,2022년 7월 16일 20시,토요일,전라북도 전주시 완산구 동서학동,중상사고,0,1,0,0,차대차 - 측면충돌,신호위반,포장 - 건조,맑음,교차로 - 교차로횡단보도내,승용,남,52세,상해없음,개인형이동수단(PM),여,18세,중상
2022071600100521,2022년 7월 16일 22시,토요일,전라북도 전주시 완산구 서완산동2가,경상사고,0,0,2,0,차대차 - 측면충돌,안전운전불이행,포장 - 건조,맑음,교차로 - 교차로안,승용,남,52세,상해없음,승용,남,27세,경상
2022071700100063,2022년 7월 17일 07시,일요일,전라북도 전주시 덕진구 진북동,경상사고,0,0,1,0,차대사람 - 기타,안전운전불이행,포장 - 건조,맑음,기타 - 기타,화물,남,60세,상해없음,보행자,남,80세,경상
2022071700100089,2022년 7월 17일 09시,일요일,전라북도 전주시 완산구 효자동2가,경상사고,0,0,1,0,차대차 - 측면충돌,안전운전불이행,포장 - 건조,맑음,교차로 - 교차로부근,승용,남,72세,상해없음,승용,여,33세,경상
2022071700100212,2022년 7월 17일 14시,일요일,전라북도 전주시 완산구 중화산동1가,경상사고,0,0,1,0,차대차 - 정면충돌,신호위반,포장 - 건조,맑음,교차로 - 교차로안,승용,남,78세,상해없음,승용,남,76세,경상
2022071700100213,2022년 7월 17일 14시,일요일,전라북도 전주시 덕진구 송천동2가,경상사고,0,0,1,0,차대차 - 정면충돌,안전운전불이행,포장 - 건조,맑음,교차로 - 교차로안,승용,남,28세,상해없음,승용,여,56세,경상