사고번호,사고일시,요일,시군구,사고내용,사망자수,중상자수,경상자수,부상신고자수,사고유형,법규위반,노면상태,기상상태,도로형태,가해운전자 차종,가해운전자 성별,가해운전자 연령,가해운전자 상해정도,피해운전자 차종,피해운전자 성별,피해운전자 연령,피해운전자 상해정도
2022071700100306,2022년 7월 17일 17시,일요일,전라북도 전주시 덕진구 팔복동3가,경상사고,0,0,3,0,차대차 - 기타,안전운전불이행,포장 - 건조,맑음,단일로 - 기타,승용,남,64세,상해없음,승용,여,43세,경상
2022071700100416,2022년 7월 17일 21시,일요일,전라북도 전주시 덕진구 금암동,경상사고,0,0,1,1,차대차 - 측면충돌,불법유턴,포장 - 건조,맑음,교차로 - 교차로횡단보도내,승용,남,63세,상해없음,승용,남,75세,부상신고
2022071800100068,2022년 7월 18일 07시,월요일,전라북도 전주시 덕진구 금암동,중상사고,0,1,0,0,차대차 - 측면충돌,신호위반,포장 - 젖음/습기,비,교차로 - 교차로횡단보도내,승용,남,33세,상해없음,자전거,남,52세,중상
2022071800100174,2022년 7월 18일 10시,월요일,전라북도 전주시 덕진구 금암동,경상사고,0,0,2,0,차대차 - 추돌,안전운전불이행,포장 - 젖음/습기,비,교차로 - 교차로부근,승용,남,76세,상해없음,승용,남,38세,경상
2022071800100280,2022년 7월 18일 13시,월요일,전라북도 전주시 덕진구 덕진동2가,경상사고,0,0,1,0,차대차 - 기타,안전운전불이행,포장 - 젖음/습기,비,교차로 - 교차로부근,승용,남,55세,상해없음,이륜,남,22세,경상
2022071800100453,2022년 7월 18일 18시,월요일,전라북도 전주시 덕진구 팔복동2가,경상사고,0,0,1,0,차대차 - 기타,안전운전불이행,포장 - 젖음/습기,비,교차로 - 교차로부근,승용,여,33세,상해없음,승용,여,26세,경상
2022071800100545,2022년 7월 18일 21시,월요일,전라북도 전주시 덕진구 송천동2가,경상사고,0,0,1,0,차대차 - 측면충돌,신호위반,포장 - 젖음/습기,비,교차로 - 교차로안,승용,여,56세,상해없음,승용,남,30세,경상
2022071800100591,2022년 7월 18일 23시,월요일,전라북도 전주시 완산구 효자동2가,경상사고,0,0,1,0,차대차 - 측면충돌,신호위반,포장 - 젖음/습기,비,교차로 - 교차로횡단보도내,승용,남,31세,상해없음,원동기,여,20세,경상
2022071900100021,2022년 7월 19일 01시,화요일,전라북도 전주시 덕진구 여의동2가,경상사고,0,0,1,0,차대사람 - 길가장자리구역통행중,보행자보호의무위반,포장 - 젖음/습기,비,단일로 - 기타,승용,남,38세,상해없음,보행자,여,32세,경상
2022071900100168,2022년 7월 19일 10시,화요일,전라북도 전주시 덕진구 금암동,중상사고,0,1,0,0,차대차 - 측면충돌,신호위반,포장 - 건조,맑음,교차로 - 교차로횡단보도내,자전거,남,80세,중상,승용,남,36세,상해없음
2022071900100280,2022년 7월 19일 14시,화요일,전라북도 전주시 덕진구 팔복동2가,경상사고,0,0,2,0,차대차 - 측면충돌,안전운전불이행,포장 - 건조,맑음,단일로 - 기타,승용,여,62세,상해없음,승합,남,53세,경상
2022071900100573,2022년 7월 19일 23시,화요일,전라북도 전주시 덕진구 덕진동2가,경상사고,0,0,2,0,차대차 - 기타,기타,포장 - 건조,맑음,단일로 - 기타,승용,남,46세,상해없음,개인형이동수단(PM),남,24세,경상
2022072000100012,2022년 7월 20일 00시,수요일,전라북도 전주시 완산구 효자동2가,경상사고,0,0,1,0,차대차 - 측면충돌,신호위반,포장 - 건조,맑음,교차로 - 교차로안,승용,남,68세,상해없음,승용,여,47세,경상
2022072000100027,2022년 7월 20일 02시,수요일,전라북도 전주시 완산구 중화산동1가,중상사고,0,1,0,0,차대사람 - 횡단중,안전운전불이행,포장 - 건조,맑음,단일로 - 기타,승용,남,68세,상해없음,보행자,남,54세,중상
2022072000100111,2022년 7월 20일 08시,수요일,전라북도 전주시 덕진구 송천동2가,경상사고,0,0,1,0,차대사람 - 길가장자리구역통행중,안전운전불이행,포장 - 건조,흐림,기타 - 기타,승용,여,38세,상해없음,보행자,여,23세,경상
2022072000100492,2022년 7월 20일 19시,수요일,전라북도 전주시 완산구 효자동2가,중상사고,0,1,0,0,차대차 - 기타,교차로운행방법위반,포장 - 건조,맑음,교차로 - 교차로안,승용,여,41세,상해없음,자전거,남,62세,중상
2022072000100583,2022년 7월 20일 22시,수요일,전라북도 전주시 덕진구 인후동2가,경상사고,0,0,1,0,차대차 - 추돌,과속,포장 - 젖음/습기,비,단일로 - 기타,승용,남,28세,상해없음,승용,여,59세,경상
2022072100100007,2022년 7월 21일 00시,목요일,전라북도 전주시 완산구 삼천동1가,경상사고,0,0,2,0,차대차 - 기타,안전운전불이행,포장 - 젖음/습기,비,교차로 - 교차로부근,승용,여,58세,상해없음,승용,남,53세,경상
2022072100100046,2022년 7월 21일 05시,목요일,전라북도 전주시 완산구 효자동3가,경상사고,0,0,1,0,차대차 - 측면충돌,신호위반,포장 - 건조,맑음,교차로 - 교차로안,승용,남,28세,상해없음,화물,남,48세,경상
2022072100100165,2022년 7월 21일 10시,목요일,전라북도 전주시 완산구 평화동2가,경상사고,0,0,1,0,차대차 - 측면충돌,안전거리미확보,포장 - 건조,맑음,단일로 - 기타,승용,여,54세,상해없음,승용,여,30세,경상
2022072100100254,2022년 7월 21일 13시,목요일,전라북도 전주시 덕진구 인후동2가,중상사고,0,1,0,0,차대사람 - 차도통행중,안전운전불이행,포장 - 건조,맑음,단일로 - 기타,승용,여,69세,상해없음,보행자,여,72세,중상
2022072100100284,2022년 7월 21일 14시,목요일,전라북도 전주시 완산구 색장동,경상사고,0,0,1,0,차대차 - 정면충돌,중앙선침범,포장 - 건조,맑음,교차로 - 교차로부근,승용,남,57세,상해없음,승용,남,32세,경상
2022072100100349,2022년 7월 21일 16시,목요일,전라북도 전주시 덕진구 덕진동1가,경상사고,0,0,1,0,차대차 - 측면충돌,차로위반,포장 - 건조,맑음,단일로 - 기타,승용,남,52세,기타불명,승합,남,54세,상해없음
2022072100100428,2022년 7월 21일 18시,목요일,전라북도 전주시 덕진구 송천동1가,경상사고,0,0,1,0,차대차 - 추돌,안전운전불이행,포장 - 건조,맑음,단일로 - 기타,승용,남,59세,상해없음,승용,남,23세,경상
2022072100100463,2022년 7월 21일 19시,목요일,전라북도 전주시 덕진구 인후동2가,경상사고,0,0,1,0,차량단독 - 기타,기타,포장 - 건조,맑음,단일로 - 기타,승합,남,59세,상해없음,,,,
2022072100100487,2022년 7월 21일 20시,목요일,전라북도 전주시 덕진구 덕진동2가,경상사고,0,0,1,0,차대차 - 측면충돌,안전운전불이행,포장 - 건조,맑음,교차로 - 교차로안,이륜,남,17세,상해없음,승용,남,24세,경상
2022072100100511,2022년 7월 21일 21시,목요일,전라북도 전주시 덕진구 송천동1가,중상사고,0,1,0,0,차대사람 - 차도통행중,안전운전불이행,포장 - 건조,맑음,단일로 - 기타,승용,남,47세,상해없음,보행자,남,64세,중상
2022072100100529,2022년 7월 21일 22시,목요일,전라북도 전주시 완산구 삼천동1가,경상사고,0,0,1,0,차대사람 - 횡단중,신호위반,포장 - 건조,맑음,교차로 - 교차로안,이륜,남,35세,상해없음,보행자,여,66세,경상
2022072200100051,2022년 7월 22일 05시,금요일,전라북도 전주시 덕진구 송천동1가,경상사고,0,0,1,0,차대차 - 측면충돌,불법유턴,포장 - 건조,맑음,단일로 - 기타,승용,남,55세,상해없음,화물,남,38세,경상
2022072200100130,2022년 7월 22일 09시,금요일,전라북도 전주시 완산구 삼천동1가,경상사고,0,0,1,0,차대차 - 측면충돌,안전운전불이행,포장 - 건조,맑음,기타 - 기타,승용,남,81세,상해없음,승용,여,52세,경상
2022072200100131,2022년 7월 22일 09시,금요일,전라북도 전주시 덕진구 인후동1가,경상사고,0,0,1,0,차대차 - 측면충돌,신호위반,포장 - 건조,맑음,교차로 - 교차로부근,승용,여,66세,상해없음,원동기,남,59세,경상
2022072200100283,2022년 7월 22일 13시,금요일,전라북도 전주시 덕진구 팔복동3가,경상사고,0,0,2,0,차대차 - 추돌,안전운전불이행,포장 - 건조,맑음,단일로 - 기타,승용,남,41세,상해없음,승용,남,22세,경상
2022072200100347,2022년 7월 22일 15시,금요일,전라북도 전주시 덕진구 전미동1가,경상사고,0,0,1,0,차대차 - 추돌,안전운전불이행,포장 - 건조,맑음,교차로 - 교차로부근,승용,여,27세,상해없음,승용,남,57세,경상
2022072200100585,2022년 7월 22일 22시,금요일,전라북도 전주시 완산구 효자동2가,경상사고,0,0,1,0,차대차 - 정면충돌,안전운전불이행,포장 - 건조,맑음,교차로 - 교차로안,승용,여,23세,상해없음,이륜,남,26세,경상
2022072300100200,2022년 7월 23일 12시,토요일,전라북도 전주시 덕진구 진북동,경상사고,0,0,2,0,차대차 - 추돌,안전운전불이행,포장 - 건조,맑음,교차로 - 교차로부근,승용,남,24세,상해없음,승용,남,25세,경상
2022072300100275,2022년 7월 23일 14시,토요일,전라북도 전주시 완산구 효자동3가,경상사고,0,0,1,0,차대차 - 측면충돌,신호위반,포장 - 건조,맑음,교차로 - 교차로안,화물,남,43세,상해없음,개인형이동수단(PM),남,16세,경상
2022072300100330,2022년 7월 23일 16시,토요일,전라북도 전주시 덕진구 우아동1가,경상사고,0,0,1,0,차대차 - 측면충돌,안전운전불이행,포장 - 건조,맑음,교차로 - 교차로안,승용,남,65세,상해없음,승용,남,26세,경상
2022072300100382,2022년 7월 23일 18시,토요일,전라북도 전주시 덕진구 만성동,중상사고,0,1,0,0,차대차 - 정면충돌,중앙선침범,포장 - 젖음/습기,비,단일로 - 기타,승용,남,48세,상해없음,개인형이동수단(PM),남,39세,중상
2022072300100383,2022년 7월 23일 18시,토요일,전라북도 전주시 덕진구 금암동,경상사고,0,0,1,0,차대차 - 측면충돌,안전운전불이행,포장 - 건조,맑음,단일로 - 기타,승용,여,38세,상해없음,승용,남,20세,경상
2022072300100513,2022년 7월 23일 22시,토요일,전라북도 전주시 덕진구 인후동1가,중상사고,0,1,0,0,차대사람 - 차도통행중,안전운전불이행,포장 - 젖음/습기,흐림,단일로 - 기타,이륜,남,22세,상해없음,보행자,남,46세,중상
2022072400100125,2022년 7월 24일 12시,일요일,전라북도 전주시 덕진구 우아동3가,경상사고,0,0,1,1,차대차 - 측면충돌,직진우회전진행방해,포장 - 건조,맑음,교차로 - 교차로안,승용,남,64세,상해없음,승용,남,63세,경상
2022072400100260,2022년 7월 24일 17시,일요일,전라북도 전주시 완산구 중화산동2가,경상사고,0,0,4,0,차대차 - 추돌,안전운전불이행,포장 - 건조,흐림,교차로 - 교차로안,화물,남,62세,상해없음,승용,여,64세,경상
2022072400100261,2022년 7월 24일 17시,일요일,전라북도 전주시 완산구 중화산동2가,중상사고,0,1,0,0,차대차 - 정면충돌,안전운전불이행,포장 - 젖음/습기,흐림,교차로 - 교차로안,승용,남,27세,상해없음,이륜,남,18세,중상
2022072400100262,2022년 7월 24일 17시,일요일,전라북도 전주시 완산구 서서학동,경상사고,0,0,1,0,차대차 - 기타,중앙선침범,포장 - 건조,맑음,교차로 - 교차로안,승용,남,20세,상해없음,승용,여,52세,경상
2022072400100348,2022년 7월 24일 20시,일요일,전라북도 전주시 완산구 중화산동2가,경상사고,0,0,1,1,차대차 - 추돌,안전운전불이행,포장 - 건조,맑음,교차로 - 교차로안,이륜,남,29세,상해없음,승용,남,66세,경상
2022072500100003,2022년 7월 25일 00시,월요일,전라북도 전주시 덕진구 덕진동1가,경상사고,0,0,1,0,차대차 - 측면충돌,신호위반,포장 - 건조,맑음,교차로 - 교차로안,화물,남,25세,상해없음,이륜,남,18세,경상
2022072500100212,2022년 7월 25일 11시,월요일,전라북도 전주시 덕진구 금암동,경상사고,0,0,1,0,차대차 - 기타,안전운전불이행,포장 - 건조,맑음,단일로 - 기타,승용,여,31세,상해없음,승합,남,56세,경상
2022072500100385,2022년 7월 25일 16시,월요일,전라북도 전주시 완산구 석구동,경상사고,0,0,1,0,차대차 - 측면충돌,안전운전불이행,포장 - 건조,맑음,단일로 - 기타,화물,남,73세,상해없음,승합,남,44세,경상
2022072500100430,2022년 7월 25일 17시,월요일,전라북도 전주시 덕진구 송천동1가,경상사고,0,0,1,0,차대차 - 기타,안전운전불이행,포장 - 건조,맑음,교차로 - 교차로부근,승용,여,54세,상해없음,이륜,남,36세,경상
2022072500100542,2022년 7월 25일 20시,월요일,전라북도 전주시 덕진구 송천동2가,경상사고,0,0,1,0,차대차 - 측면충돌,안전거리미확보,포장 - 건조,맑음,교차로 - 교차로부근,승용,여,43세,상해없음,이륜,남,25세,경상
2022072500100543,2022년 7월 25일 20시,월요일,전라북도 전주시 덕진구 송천동1가,경상사고,0,0,1,0,차대사람 - 횡단중,안전운전불이행,포장 - 건조,맑음,교차로 - 교차로안,이륜,남,18세,상해없음,보행자,남,66세,경상
2022072500100582,2022년 7월 25일 22시,월요일,전라북도 전주시 덕진구 덕진동2가,경상사고,0,0,1,0,차대차 - 측면충돌,교차로운행방법위반,포장 - 건조,맑음,교차로 - 교차로부근,승용,남,54세,상해없음,자전거,남,18세,경상
2022072500100596,2022년 7월 25일 23시,월요일,전라북도 전주시 덕진구 우아동3가,경상사고,0,0,1,0,차대차 - 추돌,안전운전불이행,포장 - 건조,맑음,교차로 - 교차로부근,승용,남,25세,상해없음,승용,남,46세,경상
2022072600100131,2022년 7월 26일 09시,화요일,전라북도 전주시 완산구 중앙동1가,경상사고,0,0,1,0,차대차 - 측면충돌,안전운전불이행,포장 - 건조,맑음,교차로 - 교차로안,승용,남,70세,상해없음,화물,남,64세,경상
2022072600100132,2022년 7월 26일 09시,화요일,전라북도 전주시 덕진구 호성동1가,경상사고,0,0,1,0,차대차 - 측면충돌,안전운전불이행,포장 - 건조,맑음,교차로 - 교차로안,승용,남,74세,상해없음,승용,여,45세,경상
2022072600100370,2022년 7월 26일 15시,화요일,전라북도 전주시 덕진구 여의동,경상사고,0,0,3,0,차대차 - 추돌,안전운전불이행,포장 - 건조,맑음,교차로 - 교차로부근,승용,여,49세,상해없음,승용,남,34세,경상
2022072600100522,2022년 7월 26일 19시,화요일,전라북도 전주시 완산구 효자동1가,경상사고,0,0,1,0,차대차 - 측면충돌,안전운전불이행,포장 - 건조,맑음,교차로 - 교차로안,승용,여,25세,상해없음,승용,여,62세,경상
2022072600100523,2022년 7월 26일 19시,화요일,전라북도 전주시 덕진구 호성동1가,경상사고,0,0,1,0,차대차 - 기타,안전운전불이행,포장 - 건조,맑음,교차로 - 교차로안,승용,여,46세,상해없음,승용,남,36세,경상
2022072700100023,2022년 7월 27일 02시,수요일,전라북도 전주시 완산구 서신동,경상사고,0,0,1,0,차대차 - 추돌,안전운전불이행,포장 - 건조,맑음,단일로 - 기타,승용,남,57세,상해없음,승용,남,34세,경상
2022072700100156,2022년 7월 27일 10시,수요일,전라북도 전주시 덕진구 금암동,경상사고,0,0,2,0,차대차 - 측면충돌,안전거리미확보,포장 - 건조,맑음,단일로 - 기타,승용,남,75세,상해없음,승용,남,29세,경상
2022072700100351,2022년 7월 27일 16시,수요일,전라북도 전주시 덕진구 금암동,경상사고,0,0,1,0,차대차 - 측면충돌,신호위반,포장 - 건조,맑음,교차로 - 교차로안,승합,남,30세,상해없음,승용,남,26세,경상
2022072700100532,2022년 7월 27일 21시,수요일,전라북도 전주시 덕진구 인후동2가,경상사고,0,0,1,0,차대차 - 기타,직진우회전진행방해,포장 - 건조,맑음,교차로 - 교차로안,승용,남,23세,상해없음,승용,남,55세,경상
2022072800100075,2022년 7월 28일 07시,목요일,전라북도 전주시 덕진구 덕진동2가,경상사고,0,0,1,0,차대차 - 측면충돌,안전운전불이행,포장 - 건조,맑음,교차로 - 교차로안,승용,남,80세,기타불명,승용,남,40세,기타불명
2022072800100105,2022년 7월 28일 08시,목요일,전라북도 전주시 완산구 삼천동1가,중상사고,0,1,0,0,차대사람 - 횡단중,보행자보호의무위반,포장 - 건조,맑음,교차로 - 교차로안,승용,남,64세,상해없음,보행자,남,83세,중상
2022072800100106,2022년 7월 28일 08시,목요일,전라북도 전주시 덕진구 금암동,경상사고,0,0,1,0,차대차 - 측면충돌,안전거리미확보,포장 - 건조,맑음,단일로 - 기타,승용,여,54세,상해없음,승합,남,58세,경상
2022072800100297,2022년 7월 28일 14시,목요일,전라북도 전주시 덕진구 금암동,중상사고,0,1,0,0,차대사람 - 차도통행중,안전운전불이행,포장 - 건조,맑음,단일로 - 기타,승용,남,28세,상해없음,보행자,여,80세,중상
2022072800100334,2022년 7월 28일 15시,목요일,전라북도 전주시 완산구 효자동1가,경상사고,0,0,1,0,차대차 - 측면충돌,안전운전불이행,포장 - 건조,맑음,교차로 - 교차로부근,승합,남,55세,상해없음,승용,남,26세,경상
2022072800100384,2022년 7월 28일 16시,목요일,전라북도 전주시 덕진구 금암동,경상사고,0,0,1,0,차대차 - 측면충돌,안전거리미확보,포장 - 건조,맑음,단일로 - 기타,승용,여,59세,상해없음,승용,여,41세,경상
2022072800100597,2022년 7월 28일 22시,목요일,전라북도 전주시 덕진구 금암동,중상사고,0,1,0,0,차대사람 - 보도통행중,기타,포장 - 건조,맑음,단일로 - 기타,승용,남,63세,상해없음,보행자,여,69세,중상
2022072900100019,2022년 7월 29일 01시,금요일,전라북도 전주시 완산구 서완산동1가,중상사고,0,1,0,0,차대차 - 측면충돌,신호위반,포장 - 건조,맑음,교차로 - 교차로안,승용,남,71세,상해없음,이륜,남,37세,중상
2022072900100073,2022년 7월 29일 07시,금요일,전라북도 전주시 완산구 중화산동2가,경상사고,0,0,1,0,차대차 - 추돌,안전거리미확보,포장 - 건조,맑음,교차로 - 교차로안,승용,남,63세,상해없음,승용,여,64세,경상
2022072900100194,2022년 7월 29일 11시,금요일,전라북도 전주시 덕진구 인후동1가,경상사고,0,0,1,0,차대사람 - 보도통행중,안전운전불이행,포장 - 건조,맑음,교차로 - 교차로안,승용,남,76세,상해없음,보행자,여,75세,경상
2022072900100286,2022년 7월 29일 13시,금요일,전라북도 전주시 덕진구 우아동3가,중상사고,0,1,0,0,차대사람 - 횡단중,신호위반,포장 - 건조,맑음,교차로 - 교차로횡단보도내,화물,남,28세,상해없음,보행자,여,15세,중상
2022072900100321,2022년 7월 29일 14시,금요일,전라북도 전주시 완산구 효자동3가,경상사고,0,0,1,0,차대차 - 정면충돌,중앙선침범,포장 - 건조,맑음,단일로 - 기타,승용,여,53세,상해없음,이륜,남,24세,경상
2022072900100322,2022년 7월 29일 14시,금요일,전라북도 전주시 완산구 평화동2가,경상사고,0,0,1,0,차대차 - 측면충돌,안전운전불이행,포장 - 건조,맑음,단일로 - 기타,승용,남,47세,상해없음,화물,남,53세,상해없음
2022072900100357,2022년 7월 29일 15시,금요일,전라북도 전주시 덕진구 만성동,중상사고,0,1,0,0,차대차 - 기타,신호위반,포장 - 건조,맑음,교차로 - 교차로안,이륜,남,37세,상해없음,이륜,남,59세,중상
2022072900100479,2022년 7월 29일 18시,금요일,전라북도 전주시 완산구 효자동3가,경상사고,0,0,3,0,차대차 - 측면충돌,신호위반,포장 - 건조,맑음,교차로 - 교차로안,승용,남,71세,상해없음,승용,남,59세,경상
2022072900100636,2022년 7월 29일 23시,금요일,전라북도 전주시 덕진구 만성동,경상사고,0,0,1,0,차대차 - 측면충돌,안전운전불이행,포장 - 건조,맑음,교차로 - 교차로안,승용,남,19세,상해없음,승용,여,46세,경상
2022073000100106,2022년 7월 30일 08시,토요일,전라북도 전주시 덕진구 덕진동1가,경상사고,0,0,1,0,차대차 - 측면충돌,신호위반,포장 - 건조,맑음,교차로 - 교차로안,승용,남,39세,상해없음,승용,남,55세,경상
2022073000100215,2022년 7월 30일 12시,토요일,전라북도 전주시 덕진구 인후동2가,경상사고,0,0,1,0,차대차 - 측면충돌,안전거리미확보,포장 - 건조,맑음,단일로 - 기타,원동기,남,29세,상해없음,승용,남,56세,경상
2022073000100263,2022년 7월 30일 13시,토요일,전라북도 전주시 덕진구 덕진동1가,경상사고,0,0,1,0,차대차 - 측면충돌,신호위반,포장 - 건조,맑음,교차로 - 교차로안,승용,남,61세,상해없음,승용,남,27세,경상
2022073000100434,2022년 7월 30일 18시,토요일,전라북도 전주시 완산구 평화동2가,경상사고,0,0,1,0,차대사람 - 차도통행중,안전운전불이행,포장 - 건조,맑음,단일로 - 기타,승용,남,62세,상해없음,보행자,남,44세,경상
2022073000100454,2022년 7월 30일 19시,토요일,전라북도 전주시 완산구 삼천동1가,경상사고,0,0,1,0,차대차 - 추돌,안전운전불이행,포장 - 건조,맑음,기타 - 기타,승용,여,62세,상해없음,승용,남,40세,경상
2022073000100557,2022년 7월 30일 23시,토요일,전라북도 전주시 덕진구 진북동,경상사고,0,0,1,0,차대차 - 추돌,안전운전불이행,포장 - 건조,맑음,단일로 - 기타,승용,남,44세,상해없음,승용,남,49세,상해없음
2022073100100046,2022년 7월 31일 03시,일요일,전라북도 전주시 완산구 효자동3가,경상사고,0,0,1,0,차대사람 - 길가장자리구역통행중,안전운전불이행,포장 - 건조,맑음,단일로 - 기타,승용,남,28세,상해없음,보행자,남,32세,경상
2022073100100147,2022년 7월 31일 12시,일요일,전라북도 전주시 덕진구 금암동,경상사고,0,0,3,0,차대차 - 측면충돌,신호위반,포장 - 젖음/습기,비,교차로 - 교차로안,승용,남,77세,상해없음,승용,남,28세,경상
2022073100100148,2022년 7월 31일 12시,일요일,전라북도 전주시 덕진구 금암동,경상사고,0,0,1,0,차대차 - 측면충돌,신호위반,포장 - 젖음/습기,비,교차로 - 교차로안,승용,남,46세,상해없음,승용,남,60세,경상
2022073100100178,2022년 7월 31일 13시,일요일,전라북도 전주시 덕진구 팔복동3가,경상사고,0,0,1,0,차대차 - 추돌,안전운전불이행,포장 - 젖음/습기,비,교차로 - 교차로부근,승용,남,60세,상해없음,승용,남,71세,경상
2022073100100247,2022년 7월 31일 15시,일요일,전라북도 전주시 완산구 삼천동1가,경상사고,0,0,2,0,차대차 - 후진중충돌,안전운전불이행,포장 - 건조,맑음,단일로 - 기타,승용,남,50세,상해없음,승용,남,40세,경상
2022073100100280,2022년 7월 31일 16시,일요일,전라북도 전주시 덕진구 송천동1가,경상사고,0,0,1,0,차대차 - 측면충돌,중앙선침범,포장 - 건조,맑음,단일로 - 기타,승용,남,78세,상해없음,이륜,남,38세,경상
2022080100100399,2022년 8월 1일 18시,월요일,전라북도 전주시 덕진구 팔복동1가,경상사고,0,0,1,0,차대차 - 추돌,안전운전불이행,포장 - 건조,맑음,기타 - 기타,화물,남,63세,상해없음,승용,여,30세,경상
2022080100100497,2022년 8월 1일 22시,월요일,전라북도 전주시 덕진구 송천동1가,경상사고,0,0,1,0,차대차 - 추돌,안전운전불이행,포장 - 건조,맑음,교차로 - 교차로부근,승용,남,66세,상해없음,승용,남,26세,경상
2022080200100022,2022년 8월 2일 01시,화요일,전라북도 전주시 완산구 효자동3가,경상사고,0,0,3,0,차대차 - 측면충돌,안전운전불이행,포장 - 건조,맑음,단일로 - 지하차도(도로)내,승용,남,27세,상해없음,승용,남,28세,경상
2022080200100120,2022년 8월 2일 09시,화요일,전라북도 전주시 완산구 효자동2가,경상사고,0,0,1,0,차대차 - 추돌,안전운전불이행,포장 - 젖음/습기,맑음,교차로 - 교차로부근,승용,남,63세,상해없음,승용,여,62세,경상
2022080200100176,2022년 8월 2일 11시,화요일,전라북도 전주시 덕진구 우아동1가,경상사고,0,0,1,0,차대차 - 기타,안전운전불이행,포장 - 건조,맑음,단일로 - 기타,화물,남,32세,상해없음,이륜,남,68세,경상
2022080200100209,2022년 8월 2일 12시,화요일,전라북도 전주시 완산구 서신동,경상사고,0,0,2,0,차대차 - 측면충돌,안전운전불이행,포장 - 건조,맑음,단일로 - 기타,승용,여,55세,상해없음,승용,남,32세,경상
2022080200100279,2022년 8월 2일 14시,화요일,전라북도 전주시 완산구 서신동,경상사고,0,0,1,0,차대사람 - 기타,안전운전불이행,포장 - 건조,맑음,단일로 - 기타,승용,남,50세,상해없음,보행자,남,25세,경상
2022080200100309,2022년 8월 2일 15시,화요일,전라북도 전주시 덕진구 도덕동,중상사고,0,1,0,0,차대차 - 측면충돌,안전운전불이행,포장 - 젖음/습기,비,교차로 - 교차로안,승용,남,48세,상해없음,화물,남,62세,중상
2022080300100049,2022년 8월 3일 04시,수요일,전라북도 전주시 덕진구 인후동1가,중상사고,0,1,0,0,차대사람 - 횡단중,과속,포장 - 건조,맑음,단일로 - 기타,승용,남,65세,상해없음,보행자,여,77세,중상
2022080300100257,2022년 8월 3일 13시,수요일,전라북도 전주시 덕진구 팔복동3가,경상사고,0,0,1,0,차대차 - 측면충돌,중앙선침범,포장 - 젖음/습기,비,교차로 - 교차로부근,화물,남,65세,상해없음,승용,여,31세,경상
2022080300100377,2022년 8월 3일 17시,수요일,전라북도 전주시 덕진구 반월동,경상사고,0,0,1,0,차대차 - 추돌,안전운전불이행,포장 - 건조,맑음,단일로 - 기타,화물,남,54세,상해없음,승용,남,36세,경상
2022080300100378,2022년 8월 3일 17시,수요일,전라북도 전주시 덕진구 인후동2가,경상사고,0,0,1,0,차대차 - 측면충돌,교차로운행방법위반,포장 - 건조,맑음,교차로 - 교차로안,승용,남,60세,기타불명,승용,남,30세,경상
2022080300100379,2022년 8월 3일 17시,수요일,전라북도 전주시 덕진구 우아동2가,경상사고,0,0,1,0,차대차 - 측면충돌,안전거리미확보,포장 - 건조,맑음,단일로 - 기타,승용,남,56세,상해없음,승용,남,54세,경상
2022080300100416,2022년 8월 3일 18시,수요일,전라북도 전주시 덕진구 진북동,경상사고,0,0,1,0,차대차 - 추돌,안전운전불이행,포장 - 건조,맑음,단일로 - 기타,승용,여,36세,상해없음,승용,여,40세,경상
2022080400100109,2022년 8월 4일 09시,목요일,전라북도 전주시 완산구 효자동1가,중상사고,0,1,2,0,차대차 - 추돌,안전운전불이행,포장 - 건조,맑음,교차로 - 교차로부근,이륜,남,26세,중상,승용,여,48세,경상
2022080400100204,2022년 8월 4일 12시,목요일,전라북도 전주시 덕진구 산정동,경상사고,0,0,1,0,차대사람 - 횡단중,보행자보호의무위반,포장 - 건조,맑음,교차로 - 교차로안,승용,남,70세,상해없음,보행자,남,58세,경상
2022080500100115,2022년 8월 5일 09시,금요일,전라북도 전주시 완산구 효자동2가,중상사고,0,1,1,0,차대사람 - 횡단중,신호위반,포장 - 건조,맑음,단일로 - 기타,승용,여,67세,상해없음,보행자,여,34세,경상
2022080500100151,2022년 8월 5일 10시,금요일,전라북도 전주시 덕진구 덕진동2가,경상사고,0,0,1,0,차대차 - 측면충돌,신호위반,포장 - 건조,맑음,교차로 - 교차로안,승합,남,61세,상해없음,승용,여,67세,경상
2022080500100258,2022년 8월 5일 13시,금요일,전라북도 전주시 완산구 삼천동1가,경상사고,0,0,1,0,차대사람 - 기타,안전운전불이행,포장 - 건조,맑음,기타 - 기타,승용,여,45세,상해없음,보행자,여,16세,경상
2022080500100259,2022년 8월 5일 13시,금요일,전라북도 전주시 완산구 전동,경상사고,0,0,1,0,차대차 - 측면충돌,안전운전불이행,포장 - 건조,맑음,교차로 - 교차로부근,승용,여,59세,상해없음,승용,남,52세,경상
2022080500100260,2022년 8월 5일 13시,금요일,전라북도 전주시 완산구 효자동1가,경상사고,0,0,1,0,차대사람 - 기타,안전운전불이행,포장 - 건조,맑음,단일로 - 기타,승용,여,43세,상해없음,보행자,남,69세,경상
2022080500100292,2022년 8월 5일 14시,금요일,전라북도 전주시 완산구 효자동1가,경상사고,0,0,1,0,차대차 - 측면충돌,안전운전불이행,포장 - 건조,맑음,교차로 - 교차로안,승용,여,29세,상해없음,화물,남,51세,경상