사고번호,사고일시,요일,시군구,사고내용,사망자수,중상자수,경상자수,부상신고자수,사고유형,법규위반,노면상태,기상상태,도로형태,가해운전자 차종,가해운전자 성별,가해운전자 연령,가해운전자 상해정도,피해운전자 차종,피해운전자 성별,피해운전자 연령,피해운전자 상해정도
2022082800100290,2022년 8월 28일 15시,일요일,전라북도 전주시 완산구 태평동,경상사고,0,0,1,0,차대사람 - 기타,안전운전불이행,포장 - 건조,맑음,단일로 - 기타,승용,남,26세,상해없음,보행자,여,73세,경상
2022082800100326,2022년 8월 28일 16시,일요일,전라북도 전주시 완산구 고사동,중상사고,0,1,0,0,차대사람 - 횡단중,보행자보호의무위반,포장 - 건조,맑음,교차로 - 교차로횡단보도내,승용,여,43세,상해없음,보행자,여,67세,중상
2022082800100351,2022년 8월 28일 17시,일요일,전라북도 전주시 완산구 경원동1가,경상사고,0,0,1,0,차대차 - 기타,안전운전불이행,포장 - 건조,맑음,교차로 - 교차로안,이륜,남,64세,상해없음,화물,남,44세,경상
2022082800100383,2022년 8월 28일 18시,일요일,전라북도 전주시 덕진구 인후동1가,중상사고,0,1,0,0,차대사람 - 차도통행중,안전운전불이행,포장 - 건조,맑음,단일로 - 기타,승용,남,87세,상해없음,보행자,여,68세,중상
2022082800100482,2022년 8월 28일 22시,일요일,전라북도 전주시 덕진구 덕진동1가,경상사고,0,0,1,0,차대차 - 기타,안전운전불이행,포장 - 건조,맑음,단일로 - 기타,승용,남,12세,상해없음,승용,남,37세,경상
2022082900100103,2022년 8월 29일 08시,월요일,전라북도 전주시 완산구 중화산동2가,경상사고,0,0,1,0,차대차 - 측면충돌,안전운전불이행,포장 - 젖음/습기,흐림,기타 - 기타,승용,남,61세,상해없음,자전거,여,50세,경상
2022082900100210,2022년 8월 29일 11시,월요일,전라북도 전주시 완산구 중노송동,경상사고,0,0,1,0,차대차 - 측면충돌,안전운전불이행,포장 - 건조,맑음,교차로 - 교차로부근,승용,남,70세,상해없음,승용,남,32세,경상
2022082900100388,2022년 8월 29일 16시,월요일,전라북도 전주시 덕진구 우아동3가,경상사고,0,0,1,0,차대차 - 기타,기타,포장 - 건조,맑음,단일로 - 기타,승용,남,26세,상해없음,이륜,남,24세,경상
2022082900100586,2022년 8월 29일 22시,월요일,전라북도 전주시 완산구 효자동1가,경상사고,0,0,1,0,차대사람 - 횡단중,보행자보호의무위반,포장 - 건조,맑음,교차로 - 교차로횡단보도내,승용,여,49세,상해없음,보행자,남,46세,경상
2022083000100026,2022년 8월 30일 02시,화요일,전라북도 전주시 완산구 태평동,경상사고,0,0,1,0,차대차 - 기타,신호위반,포장 - 건조,맑음,교차로 - 교차로안,승용,여,26세,상해없음,승용,남,58세,경상
2022083000100050,2022년 8월 30일 05시,화요일,전라북도 전주시 덕진구 송천동2가,경상사고,0,0,1,0,차대차 - 측면충돌,신호위반,포장 - 건조,맑음,교차로 - 교차로안,화물,남,68세,상해없음,승용,남,48세,경상
2022083000100297,2022년 8월 30일 14시,화요일,전라북도 전주시 덕진구 송천동1가,경상사고,0,0,1,0,차량단독 - 공작물충돌,안전운전불이행,포장 - 젖음/습기,비,교차로 - 교차로안,승용,남,66세,경상,,,,
2022083000100415,2022년 8월 30일 17시,화요일,전라북도 전주시 완산구 평화동2가,경상사고,0,0,1,0,차대차 - 정면충돌,안전운전불이행,포장 - 건조,맑음,단일로 - 기타,승용,여,58세,상해없음,화물,남,63세,경상
2022083000100579,2022년 8월 30일 22시,화요일,전라북도 전주시 완산구 다가동4가,경상사고,0,0,1,0,차대차 - 측면충돌,직진우회전진행방해,포장 - 건조,맑음,교차로 - 교차로안,이륜,남,28세,상해없음,승용,남,30세,경상
2022083000100580,2022년 8월 30일 22시,화요일,전라북도 전주시 완산구 삼천동1가,경상사고,0,0,2,0,차대차 - 측면충돌,안전운전불이행,포장 - 젖음/습기,비,교차로 - 교차로부근,승용,여,42세,상해없음,승용,남,57세,경상
2022083100100010,2022년 8월 31일 00시,수요일,전라북도 전주시 완산구 효자동3가,경상사고,0,0,2,0,차대차 - 측면충돌,안전운전불이행,포장 - 젖음/습기,비,기타 - 기타,승용,여,47세,상해없음,승용,여,34세,경상
2022083100100011,2022년 8월 31일 00시,수요일,전라북도 전주시 완산구 중화산동2가,경상사고,0,0,1,0,차대차 - 기타,안전운전불이행,포장 - 젖음/습기,비,교차로 - 교차로안,개인형이동수단(PM),남,25세,경상,승용,남,24세,상해없음
2022083100100104,2022년 8월 31일 08시,수요일,전라북도 전주시 덕진구 송천동2가,경상사고,0,0,1,0,차대차 - 측면충돌,신호위반,포장 - 건조,맑음,교차로 - 교차로안,승용,여,32세,상해없음,승용,남,34세,경상
2022083100100383,2022년 8월 31일 17시,수요일,전라북도 전주시 덕진구 호성동1가,경상사고,0,0,1,0,차대차 - 측면충돌,교차로운행방법위반,포장 - 건조,맑음,교차로 - 교차로부근,승용,여,68세,상해없음,자전거,남,70세,경상
2022083100100463,2022년 8월 31일 19시,수요일,전라북도 전주시 완산구 효자동2가,중상사고,0,1,0,0,차대사람 - 횡단중,안전운전불이행,포장 - 건조,맑음,교차로 - 교차로안,화물,남,37세,상해없음,보행자,여,20세,중상
2022083100100516,2022년 8월 31일 21시,수요일,전라북도 전주시 완산구 서신동,경상사고,0,0,1,1,차대차 - 측면충돌,안전거리미확보,포장 - 건조,맑음,단일로 - 기타,승용,남,40세,상해없음,승용,남,23세,경상
2022090100100322,2022년 9월 1일 14시,목요일,전라북도 전주시 덕진구 인후동1가,경상사고,0,0,1,0,차대차 - 측면충돌,안전운전불이행,포장 - 건조,맑음,교차로 - 교차로안,승용,남,53세,상해없음,승용,여,44세,경상
2022090100100540,2022년 9월 1일 19시,목요일,전라북도 전주시 덕진구 팔복동2가,중상사고,0,1,0,0,차대차 - 측면충돌,안전운전불이행,포장 - 건조,맑음,교차로 - 교차로횡단보도내,특수,남,40세,상해없음,자전거,여,71세,중상
2022090200100052,2022년 9월 2일 05시,금요일,전라북도 전주시 완산구 경원동1가,사망사고,1,0,0,0,차대차 - 기타,과속,포장 - 건조,맑음,기타 - 기타,승용,여,32세,상해없음,자전거,남,81세,사망
2022090200100499,2022년 9월 2일 17시,금요일,전라북도 전주시 완산구 효자동2가,중상사고,0,1,0,0,차대차 - 측면충돌,교차로운행방법위반,포장 - 건조,맑음,교차로 - 교차로횡단보도내,개인형이동수단(PM),여,20세,중상,승용,여,58세,상해없음
2022090200100555,2022년 9월 2일 18시,금요일,전라북도 전주시 완산구 평화동2가,경상사고,0,0,1,0,차대차 - 측면충돌,안전운전불이행,포장 - 건조,맑음,교차로 - 교차로부근,승용,남,76세,상해없음,승용,남,34세,경상
2022090300100090,2022년 9월 3일 06시,토요일,전라북도 전주시 덕진구 송천동2가,경상사고,0,0,2,0,차대차 - 측면충돌,안전운전불이행,포장 - 건조,맑음,교차로 - 교차로부근,승용,남,32세,상해없음,승용,남,64세,경상
2022090300100116,2022년 9월 3일 08시,토요일,전라북도 전주시 덕진구 고랑동,경상사고,0,0,1,0,차대차 - 기타,안전운전불이행,포장 - 건조,맑음,단일로 - 교량,화물,남,46세,상해없음,승용,여,45세,경상
2022090300100523,2022년 9월 3일 19시,토요일,전라북도 전주시 덕진구 만성동,경상사고,0,0,2,0,차대사람 - 횡단중,신호위반,포장 - 건조,맑음,교차로 - 교차로횡단보도내,승합,남,65세,상해없음,보행자,여,18세,경상
2022090300100552,2022년 9월 3일 20시,토요일,전라북도 전주시 완산구 서신동,경상사고,0,0,1,0,차대차 - 측면충돌,신호위반,포장 - 건조,맑음,단일로 - 기타,승용,남,65세,상해없음,승용,남,35세,경상
2022090400100136,2022년 9월 4일 11시,일요일,전라북도 전주시 덕진구 우아동1가,경상사고,0,0,1,0,차대차 - 측면충돌,안전운전불이행,포장 - 건조,맑음,단일로 - 기타,승용,남,29세,상해없음,승용,남,66세,경상
2022090400100300,2022년 9월 4일 16시,일요일,전라북도 전주시 완산구 평화동1가,경상사고,0,0,2,0,차대차 - 추돌,안전운전불이행,포장 - 건조,맑음,단일로 - 기타,승용,남,65세,상해없음,승용,남,54세,경상
2022090400100414,2022년 9월 4일 20시,일요일,전라북도 전주시 덕진구 송천동1가,경상사고,0,0,1,0,차대차 - 기타,안전운전불이행,포장 - 건조,맑음,교차로 - 교차로부근,승용,남,22세,상해없음,승용,남,28세,경상
2022090500100038,2022년 9월 5일 05시,월요일,전라북도 전주시 덕진구 진북동,중상사고,0,1,0,0,차대사람 - 횡단중,안전운전불이행,포장 - 젖음/습기,비,교차로 - 교차로안,승용,남,27세,상해없음,보행자,여,91세,중상
2022090500100071,2022년 9월 5일 07시,월요일,전라북도 전주시 완산구 효자동2가,경상사고,0,0,1,0,차대차 - 추돌,안전운전불이행,포장 - 건조,맑음,교차로 - 교차로안,승용,남,37세,상해없음,승용,여,55세,경상
2022090500100206,2022년 9월 5일 11시,월요일,전라북도 전주시 완산구 중화산동2가,경상사고,0,0,2,0,차대차 - 기타,안전거리미확보,포장 - 건조,맑음,단일로 - 기타,승용,남,47세,경상,승용,남,70세,경상
2022090500100207,2022년 9월 5일 11시,월요일,전라북도 전주시 덕진구 팔복동2가,경상사고,0,0,1,0,차대차 - 측면충돌,기타,포장 - 젖음/습기,흐림,교차로 - 교차로안,승합,남,51세,상해없음,승용,여,65세,경상
2022090500100208,2022년 9월 5일 11시,월요일,전라북도 전주시 덕진구 우아동3가,경상사고,0,0,4,0,차대차 - 측면충돌,안전운전불이행,포장 - 젖음/습기,비,단일로 - 기타,승용,남,74세,상해없음,승용,여,26세,경상
2022090500100264,2022년 9월 5일 13시,월요일,전라북도 전주시 덕진구 여의동,경상사고,0,0,1,0,차대차 - 측면충돌,교차로운행방법위반,포장 - 젖음/습기,비,교차로 - 교차로안,승용,여,71세,상해없음,승용,여,51세,경상
2022090500100601,2022년 9월 5일 21시,월요일,전라북도 전주시 덕진구 인후동1가,중상사고,0,1,0,0,차대사람 - 차도통행중,안전운전불이행,포장 - 젖음/습기,비,교차로 - 교차로안,승용,남,62세,상해없음,보행자,남,50세,중상
2022090500100602,2022년 9월 5일 21시,월요일,전라북도 전주시 덕진구 금암동,경상사고,0,0,1,0,차대차 - 측면충돌,신호위반,포장 - 젖음/습기,비,교차로 - 교차로부근,승용,남,20세,상해없음,승용,남,36세,경상
2022090600100158,2022년 9월 6일 11시,화요일,전라북도 전주시 덕진구 금암동,경상사고,0,0,1,0,차대사람 - 보도통행중,안전운전불이행,포장 - 건조,맑음,기타 - 기타,승용,남,79세,상해없음,보행자,남,56세,경상
2022090600100298,2022년 9월 6일 15시,화요일,전라북도 전주시 완산구 효자동2가,경상사고,0,0,4,0,차대차 - 추돌,안전운전불이행,포장 - 건조,맑음,교차로 - 교차로부근,이륜,남,19세,상해없음,승용,남,66세,경상
2022090600100299,2022년 9월 6일 15시,화요일,전라북도 전주시 덕진구 송천동2가,경상사고,0,0,1,0,차대차 - 측면충돌,안전운전불이행,포장 - 건조,맑음,기타 - 기타,승용,남,53세,상해없음,승용,여,42세,경상
2022090600100450,2022년 9월 6일 18시,화요일,전라북도 전주시 완산구 효자동3가,경상사고,0,0,1,0,차대차 - 측면충돌,신호위반,포장 - 건조,맑음,교차로 - 교차로안,승용,남,27세,상해없음,승용,남,37세,경상
2022090600100601,2022년 9월 6일 23시,화요일,전라북도 전주시 완산구 경원동3가,중상사고,0,1,0,0,차대사람 - 횡단중,안전운전불이행,포장 - 건조,맑음,단일로 - 기타,승용,남,64세,상해없음,보행자,남,65세,중상
2022090700100007,2022년 9월 7일 00시,수요일,전라북도 전주시 완산구 효자동2가,경상사고,0,0,1,0,차대사람 - 횡단중,보행자보호의무위반,포장 - 건조,맑음,교차로 - 교차로횡단보도내,승합,남,65세,상해없음,보행자,여,22세,경상
2022090700100092,2022년 9월 7일 07시,수요일,전라북도 전주시 완산구 중화산동1가,경상사고,0,0,1,0,차대차 - 정면충돌,교차로운행방법위반,포장 - 건조,맑음,교차로 - 교차로안,승용,남,35세,상해없음,승용,여,60세,경상
2022090700100133,2022년 9월 7일 08시,수요일,전라북도 전주시 완산구 효자동2가,경상사고,0,0,1,0,차대차 - 측면충돌,안전거리미확보,포장 - 건조,맑음,단일로 - 기타,승용,남,56세,상해없음,승용,남,57세,경상
2022090700100134,2022년 9월 7일 08시,수요일,전라북도 전주시 완산구 효자동2가,경상사고,0,0,1,0,차대차 - 추돌,안전운전불이행,포장 - 건조,맑음,교차로 - 교차로부근,화물,남,56세,상해없음,승용,남,43세,경상
2022090700100235,2022년 9월 7일 10시,수요일,전라북도 전주시 완산구 서신동,경상사고,0,0,1,0,차대차 - 추돌,안전운전불이행,포장 - 건조,맑음,기타 - 기타,승용,남,83세,상해없음,승용,여,59세,경상
2022090700100236,2022년 9월 7일 10시,수요일,전라북도 전주시 덕진구 덕진동1가,경상사고,0,0,1,0,차대차 - 정면충돌,신호위반,포장 - 건조,맑음,교차로 - 교차로안,승용,여,50세,상해없음,승용,여,49세,경상
2022090700100375,2022년 9월 7일 14시,수요일,전라북도 전주시 완산구 삼천동3가,경상사고,0,0,1,0,차대차 - 추돌,안전운전불이행,포장 - 건조,맑음,단일로 - 기타,승용,남,53세,상해없음,승용,남,28세,경상
2022090700100409,2022년 9월 7일 15시,수요일,전라북도 전주시 완산구 서신동,중상사고,0,1,0,0,차대차 - 정면충돌,안전운전불이행,포장 - 건조,맑음,교차로 - 교차로안,승용,남,70세,상해없음,자전거,남,81세,중상
2022090700100608,2022년 9월 7일 19시,수요일,전라북도 전주시 완산구 효자동1가,경상사고,0,0,1,0,차대사람 - 기타,안전운전불이행,포장 - 건조,흐림,단일로 - 기타,승용,여,79세,기타불명,보행자,여,79세,경상
2022090700100708,2022년 9월 7일 22시,수요일,전라북도 전주시 완산구 서신동,경상사고,0,0,1,0,차대차 - 추돌,안전운전불이행,포장 - 건조,맑음,교차로 - 교차로부근,승용,남,24세,상해없음,승용,남,45세,상해없음
2022090800100104,2022년 9월 8일 08시,목요일,전라북도 전주시 완산구 태평동,중상사고,0,1,0,0,차대차 - 기타,안전운전불이행,포장 - 건조,맑음,단일로 - 기타,승용,여,30세,상해없음,자전거,남,76세,중상
2022090800100148,2022년 9월 8일 09시,목요일,전라북도 전주시 덕진구 덕진동1가,경상사고,0,0,1,0,차대사람 - 횡단중,안전운전불이행,포장 - 건조,맑음,교차로 - 교차로횡단보도내,승용,여,51세,상해없음,보행자,남,80세,경상
2022090800100150,2022년 9월 8일 09시,목요일,전라북도 전주시 덕진구 송천동2가,경상사고,0,0,1,0,차대사람 - 기타,기타,포장 - 건조,맑음,교차로 - 교차로부근,승합,남,56세,상해없음,보행자,여,29세,경상
2022090800100422,2022년 9월 8일 15시,목요일,전라북도 전주시 완산구 평화동1가,경상사고,0,0,1,0,차대차 - 추돌,안전운전불이행,포장 - 건조,맑음,교차로 - 교차로부근,승용,남,41세,상해없음,승용,남,48세,경상
2022090800100643,2022년 9월 8일 18시,목요일,전라북도 전주시 덕진구 인후동1가,경상사고,0,0,1,0,차대사람 - 보도통행중,보행자보호의무위반,포장 - 건조,맑음,교차로 - 교차로횡단보도내,승용,남,27세,상해없음,보행자,남,67세,경상
2022090900100022,2022년 9월 9일 01시,금요일,전라북도 전주시 완산구 서신동,중상사고,0,1,0,0,차대차 - 정면충돌,신호위반,포장 - 건조,맑음,교차로 - 교차로안,승용,남,22세,상해없음,승용,남,62세,중상
2022090900100173,2022년 9월 9일 11시,금요일,전라북도 전주시 덕진구 송천동2가,경상사고,0,0,1,0,차대사람 - 기타,안전운전불이행,포장 - 건조,맑음,교차로 - 교차로부근,승합,남,48세,상해없음,보행자,남,22세,경상
2022090900100326,2022년 9월 9일 15시,금요일,전라북도 전주시 완산구 효자동1가,경상사고,0,0,1,0,차대차 - 측면충돌,안전운전불이행,포장 - 건조,맑음,교차로 - 교차로안,화물,남,67세,상해없음,승용,남,35세,경상
2022090900100375,2022년 9월 9일 17시,금요일,전라북도 전주시 완산구 서신동,경상사고,0,0,1,0,차대차 - 측면충돌,중앙선침범,포장 - 건조,맑음,단일로 - 기타,승용,남,56세,상해없음,승용,남,38세,경상
2022091000100103,2022년 9월 10일 10시,토요일,전라북도 전주시 완산구 평화동2가,경상사고,0,0,1,0,차대차 - 정면충돌,안전운전불이행,포장 - 건조,맑음,교차로 - 교차로안,승용,여,53세,상해없음,승용,여,37세,경상
2022091000100233,2022년 9월 10일 15시,토요일,전라북도 전주시 완산구 서서학동,경상사고,0,0,2,0,차대차 - 추돌,안전운전불이행,포장 - 건조,맑음,단일로 - 기타,승용,남,60세,상해없음,승용,남,25세,경상
2022091100100007,2022년 9월 11일 00시,일요일,전라북도 전주시 완산구 삼천동1가,중상사고,0,1,0,0,차대사람 - 횡단중,보행자보호의무위반,포장 - 건조,맑음,교차로 - 교차로횡단보도내,승용,남,61세,기타불명,보행자,여,53세,중상
2022091100100036,2022년 9월 11일 04시,일요일,전라북도 전주시 덕진구 덕진동1가,경상사고,0,0,1,0,차대차 - 측면충돌,신호위반,포장 - 건조,맑음,교차로 - 교차로안,승용,남,25세,상해없음,승용,남,60세,경상
2022091100100065,2022년 9월 11일 09시,일요일,전라북도 전주시 덕진구 인후동2가,경상사고,0,0,1,0,차대차 - 기타,안전운전불이행,포장 - 건조,맑음,교차로 - 교차로안,승용,남,75세,상해없음,승합,남,31세,경상
2022091100100254,2022년 9월 11일 17시,일요일,전라북도 전주시 완산구 효자동3가,경상사고,0,0,2,0,차대차 - 후진중충돌,안전운전불이행,포장 - 건조,맑음,교차로 - 교차로안,승용,남,56세,상해없음,승용,남,24세,경상
2022091100100280,2022년 9월 11일 18시,일요일,전라북도 전주시 덕진구 만성동,경상사고,0,0,1,0,차대차 - 추돌,안전운전불이행,포장 - 건조,맑음,교차로 - 교차로부근,이륜,남,22세,상해없음,승용,남,40세,경상
2022091100100359,2022년 9월 11일 22시,일요일,전라북도 전주시 덕진구 여의동2가,경상사고,0,0,1,0,차대차 - 측면충돌,신호위반,포장 - 건조,맑음,교차로 - 교차로안,승용,남,30세,상해없음,승용,여,24세,경상
2022091200100023,2022년 9월 12일 01시,월요일,전라북도 전주시 완산구 서신동,경상사고,0,0,1,0,차량단독 - 공작물충돌,안전운전불이행,포장 - 건조,맑음,교차로 - 교차로부근,승용,남,21세,상해없음,,,,
2022091200100060,2022년 9월 12일 05시,월요일,전라북도 전주시 덕진구 진북동,경상사고,0,0,1,0,차대차 - 정면충돌,중앙선침범,포장 - 젖음/습기,비,교차로 - 교차로부근,승용,남,27세,상해없음,화물,남,65세,경상
2022091200100100,2022년 9월 12일 10시,월요일,전라북도 전주시 덕진구 송천동1가,경상사고,0,0,1,0,차대차 - 기타,신호위반,포장 - 건조,맑음,교차로 - 교차로횡단보도내,승용,여,56세,상해없음,자전거,남,22세,경상
2022091200100226,2022년 9월 12일 15시,월요일,전라북도 전주시 완산구 효자동2가,중상사고,0,1,0,0,차대차 - 기타,신호위반,포장 - 건조,맑음,교차로 - 교차로안,승용,여,33세,상해없음,원동기,남,42세,중상
2022091200100227,2022년 9월 12일 15시,월요일,전라북도 전주시 덕진구 금암동,경상사고,0,0,2,0,차대차 - 측면충돌,직진우회전진행방해,포장 - 건조,흐림,교차로 - 교차로안,승용,남,53세,상해없음,승용,남,47세,경상
2022091200100403,2022년 9월 12일 23시,월요일,전라북도 전주시 완산구 효자동1가,경상사고,0,0,2,0,차대사람 - 기타,안전운전불이행,포장 - 건조,맑음,단일로 - 기타,승용,남,54세,상해없음,보행자,남,51세,경상
2022091300100297,2022년 9월 13일 15시,화요일,전라북도 전주시 덕진구 우아동2가,경상사고,0,0,1,0,차대차 - 측면충돌,직진우회전진행방해,포장 - 건조,맑음,교차로 - 교차로안,승용,남,69세,상해없음,승용,남,65세,경상
2022091300100327,2022년 9월 13일 16시,화요일,전라북도 전주시 덕진구 산정동,경상사고,0,0,1,0,차대차 - 측면충돌,중앙선침범,포장 - 건조,맑음,단일로 - 기타,화물,남,76세,상해없음,승용,남,58세,경상
2022091300100328,2022년 9월 13일 16시,화요일,전라북도 전주시 덕진구 산정동,경상사고,0,0,1,0,차대차 - 추돌,안전운전불이행,포장 - 건조,흐림,단일로 - 기타,화물,남,59세,상해없음,승용,여,61세,경상
2022091300100461,2022년 9월 13일 20시,화요일,전라북도 전주시 덕진구 전미동1가,중상사고,0,1,0,0,차대차 - 정면충돌,안전운전불이행,포장 - 건조,맑음,단일로 - 기타,승용,남,50세,상해없음,개인형이동수단(PM),여,18세,중상
2022091300100504,2022년 9월 13일 22시,화요일,전라북도 전주시 덕진구 덕진동1가,경상사고,0,0,1,0,차대차 - 측면충돌,신호위반,포장 - 건조,맑음,교차로 - 교차로안,승용,남,23세,상해없음,이륜,남,27세,경상
2022091400100093,2022년 9월 14일 08시,수요일,전라북도 전주시 덕진구 여의동,경상사고,0,0,2,0,차대차 - 측면충돌,신호위반,포장 - 건조,맑음,교차로 - 교차로안,승용,남,39세,상해없음,승용,여,38세,경상
2022091400100225,2022년 9월 14일 12시,수요일,전라북도 전주시 덕진구 금암동,경상사고,0,0,1,0,차대차 - 측면충돌,신호위반,포장 - 건조,맑음,교차로 - 교차로안,승용,남,82세,상해없음,이륜,남,30세,경상
2022091400100378,2022년 9월 14일 17시,수요일,전라북도 전주시 완산구 서서학동,경상사고,0,0,2,0,차량단독 - 기타,안전운전불이행,포장 - 건조,맑음,교차로 - 교차로안,승합,남,54세,상해없음,,,,
2022091400100518,2022년 9월 14일 22시,수요일,전라북도 전주시 덕진구 송천동2가,경상사고,0,0,1,0,차대사람 - 횡단중,신호위반,포장 - 건조,맑음,교차로 - 교차로횡단보도내,승용,남,57세,상해없음,보행자,남,12세,경상
2022091500100062,2022년 9월 15일 07시,목요일,전라북도 전주시 완산구 전동3가,중상사고,0,1,0,0,차대차 - 측면충돌,기타,포장 - 건조,맑음,단일로 - 기타,승용,남,58세,상해없음,자전거,남,76세,중상
2022091500100095,2022년 9월 15일 08시,목요일,전라북도 전주시 완산구 중화산동2가,경상사고,0,0,1,0,차대차 - 정면충돌,직진우회전진행방해,포장 - 건조,맑음,교차로 - 교차로안,승용,남,27세,상해없음,승용,남,65세,경상
2022091500100187,2022년 9월 15일 11시,목요일,전라북도 전주시 덕진구 금암동,경상사고,0,0,1,0,차대사람 - 보도통행중,기타,포장 - 건조,맑음,기타 - 기타,승용,남,70세,상해없음,보행자,여,57세,경상
2022091500100397,2022년 9월 15일 18시,목요일,전라북도 전주시 덕진구 장동,중상사고,0,1,0,0,차대차 - 측면충돌,안전운전불이행,포장 - 건조,맑음,교차로 - 교차로안,승용,남,39세,상해없음,승용,여,53세,중상
2022091500100474,2022년 9월 15일 20시,목요일,전라북도 전주시 완산구 중화산동2가,경상사고,0,0,1,0,차대차 - 측면충돌,안전운전불이행,포장 - 건조,맑음,단일로 - 기타,승합,여,46세,상해없음,이륜,남,25세,경상
2022091600100038,2022년 9월 16일 04시,금요일,전라북도 전주시 완산구 삼천동1가,경상사고,0,0,2,0,차대차 - 후진중충돌,불법유턴,포장 - 건조,맑음,단일로 - 기타,화물,남,52세,상해없음,승용,남,41세,경상
2022091600100158,2022년 9월 16일 09시,금요일,전라북도 전주시 완산구 평화동2가,중상사고,0,1,0,0,차대사람 - 길가장자리구역통행중,안전운전불이행,포장 - 건조,맑음,교차로 - 교차로안,화물,남,65세,상해없음,보행자,여,70세,중상
2022091600100184,2022년 9월 16일 10시,금요일,전라북도 전주시 덕진구 덕진동1가,중상사고,0,1,0,0,차대차 - 측면충돌,안전운전불이행,포장 - 건조,맑음,교차로 - 교차로횡단보도내,승용,남,21세,상해없음,자전거,남,84세,중상
2022091600100213,2022년 9월 16일 11시,금요일,전라북도 전주시 덕진구 용정동,사망사고,1,0,2,0,차대차 - 정면충돌,안전운전불이행,포장 - 건조,맑음,단일로 - 기타,승용,남,68세,사망,화물,여,50세,상해없음
2022091600100247,2022년 9월 16일 12시,금요일,전라북도 전주시 덕진구 도도동,중상사고,0,1,0,0,차대차 - 추돌,안전거리미확보,포장 - 건조,맑음,단일로 - 기타,화물,남,31세,상해없음,화물,남,60세,중상
2022091600100278,2022년 9월 16일 13시,금요일,전라북도 전주시 덕진구 인후동1가,경상사고,0,0,1,0,차대차 - 측면충돌,안전운전불이행,포장 - 건조,맑음,교차로 - 교차로안,승용,여,50세,상해없음,승용,여,50세,경상
2022091600100560,2022년 9월 16일 19시,금요일,전라북도 전주시 완산구 다가동3가,경상사고,0,0,1,0,차대차 - 정면충돌,중앙선침범,포장 - 건조,맑음,단일로 - 기타,승용,여,24세,상해없음,승용,남,58세,경상
2022091600100561,2022년 9월 16일 19시,금요일,전라북도 전주시 완산구 평화동1가,경상사고,0,0,1,0,차대차 - 측면충돌,신호위반,포장 - 건조,맑음,교차로 - 교차로안,승용,남,58세,상해없음,승용,여,63세,경상
2022091600100562,2022년 9월 16일 19시,금요일,전라북도 전주시 완산구 삼천동1가,중상사고,0,1,0,0,차대차 - 측면충돌,안전운전불이행,포장 - 건조,맑음,단일로 - 기타,승용,여,46세,상해없음,이륜,남,31세,중상
2022091600100612,2022년 9월 16일 20시,금요일,전라북도 전주시 덕진구 인후동1가,중상사고,0,1,0,0,차대사람 - 보도통행중,안전운전불이행,포장 - 건조,맑음,기타 - 기타,개인형이동수단(PM),여,14세,상해없음,보행자,여,37세,중상
2022091700100148,2022년 9월 17일 09시,토요일,전라북도 전주시 덕진구 송천동2가,경상사고,0,0,1,0,차대차 - 측면충돌,신호위반,포장 - 건조,맑음,교차로 - 교차로안,승용,남,49세,상해없음,승용,남,67세,경상
2022091700100212,2022년 9월 17일 11시,토요일,전라북도 전주시 완산구 서완산동1가,경상사고,0,0,1,0,차대차 - 추돌,안전운전불이행,포장 - 건조,맑음,교차로 - 교차로부근,화물,남,40세,상해없음,승용,남,39세,경상
2022091700100316,2022년 9월 17일 14시,토요일,전라북도 전주시 완산구 서노송동,중상사고,0,1,1,0,차대사람 - 기타,안전운전불이행,포장 - 건조,맑음,단일로 - 기타,승용,남,52세,상해없음,보행자,여,66세,중상
2022091700100507,2022년 9월 17일 19시,토요일,전라북도 전주시 덕진구 우아동2가,중상사고,0,1,0,0,차대사람 - 횡단중,신호위반,포장 - 건조,맑음,교차로 - 교차로횡단보도내,승용,남,78세,상해없음,보행자,여,48세,중상
2022091800100036,2022년 9월 18일 05시,일요일,전라북도 전주시 완산구 삼천동1가,경상사고,0,0,1,0,차대차 - 측면충돌,신호위반,포장 - 건조,맑음,교차로 - 교차로안,승용,남,70세,상해없음,승용,여,51세,경상
2022091800100053,2022년 9월 18일 08시,일요일,전라북도 전주시 완산구 효자동3가,경상사고,0,0,1,0,차대차 - 측면충돌,신호위반,포장 - 건조,맑음,교차로 - 교차로안,승용,여,63세,상해없음,승용,여,48세,경상
2022091800100386,2022년 9월 18일 20시,일요일,전라북도 전주시 덕진구 금암동,경상사고,0,0,3,0,차대차 - 정면충돌,중앙선침범,포장 - 건조,맑음,교차로 - 교차로부근,승용,여,31세,상해없음,승용,남,69세,경상
2022091900100092,2022년 9월 19일 08시,월요일,전라북도 전주시 완산구 서서학동,중상사고,0,2,9,0,차대사람 - 기타,안전거리미확보,포장 - 건조,맑음,단일로 - 기타,승합,남,57세,상해없음,보행자,여,62세,중상
2022091900100120,2022년 9월 19일 09시,월요일,전라북도 전주시 완산구 효자동1가,중상사고,0,2,0,0,차대차 - 기타,신호위반,포장 - 건조,맑음,교차로 - 교차로안,승합,남,50세,상해없음,승용,남,80세,중상