사고번호,사고일시,요일,시군구,사고내용,사망자수,중상자수,경상자수,부상신고자수,사고유형,법규위반,노면상태,기상상태,도로형태,가해운전자 차종,가해운전자 성별,가해운전자 연령,가해운전자 상해정도,피해운전자 차종,피해운전자 성별,피해운전자 연령,피해운전자 상해정도
2022102800100491,2022년 10월 28일 17시,금요일,전라북도 전주시 완산구 고사동,경상사고,0,0,1,0,차대사람 - 기타,안전운전불이행,포장 - 건조,맑음,교차로 - 교차로부근,화물,남,70세,상해없음,보행자,남,16세,경상
2022102800100563,2022년 10월 28일 18시,금요일,전라북도 전주시 완산구 평화동1가,중상사고,0,1,0,0,차대사람 - 차도통행중,안전운전불이행,포장 - 건조,맑음,기타 - 기타,승용,남,73세,상해없음,보행자,여,63세,중상
2022102800100643,2022년 10월 28일 19시,금요일,전라북도 전주시 완산구 중화산동2가,경상사고,0,0,2,0,차대차 - 측면충돌,안전운전불이행,포장 - 건조,맑음,단일로 - 기타,이륜,남,34세,상해없음,승용,남,64세,경상
2022102800100644,2022년 10월 28일 19시,금요일,전라북도 전주시 완산구 삼천동1가,경상사고,0,0,1,0,차대차 - 측면충돌,안전운전불이행,포장 - 건조,맑음,단일로 - 기타,승용,여,55세,상해없음,이륜,남,52세,경상
2022102800100684,2022년 10월 28일 20시,금요일,전라북도 전주시 완산구 서신동,중상사고,0,1,0,0,차대차 - 측면충돌,안전운전불이행,포장 - 건조,맑음,교차로 - 교차로안,승용,여,66세,상해없음,원동기,남,29세,중상
2022102800100720,2022년 10월 28일 21시,금요일,전라북도 전주시 덕진구 송천동1가,경상사고,0,0,2,0,차대차 - 측면충돌,안전운전불이행,포장 - 건조,맑음,교차로 - 교차로안,승합,남,61세,상해없음,승용,남,22세,경상
2022102800100742,2022년 10월 28일 22시,금요일,전라북도 전주시 완산구 삼천동1가,경상사고,0,0,1,0,차대사람 - 횡단중,보행자보호의무위반,포장 - 건조,맑음,교차로 - 교차로횡단보도내,이륜,남,19세,상해없음,보행자,여,30세,경상
2022102900100056,2022년 10월 29일 05시,토요일,전라북도 전주시 완산구 효자동3가,중상사고,0,1,0,0,차대차 - 기타,교차로운행방법위반,포장 - 건조,맑음,교차로 - 교차로안,기타불명,기타불명,미분류,기타불명,이륜,남,69세,중상
2022102900100589,2022년 10월 29일 21시,토요일,전라북도 전주시 덕진구 덕진동2가,경상사고,0,0,1,0,차대차 - 측면충돌,안전운전불이행,포장 - 건조,맑음,교차로 - 교차로안,승용,여,53세,상해없음,원동기,여,30세,경상
2022102900100590,2022년 10월 29일 21시,토요일,전라북도 전주시 완산구 서신동,경상사고,0,0,2,0,차대차 - 측면충돌,안전운전불이행,포장 - 건조,맑음,교차로 - 교차로부근,승용,남,18세,상해없음,승용,남,27세,경상
2022102900100621,2022년 10월 29일 22시,토요일,전라북도 전주시 덕진구 송천동2가,경상사고,0,0,2,0,차대차 - 측면충돌,안전운전불이행,포장 - 건조,맑음,단일로 - 기타,승용,남,48세,상해없음,승용,남,50세,경상
2022103000100339,2022년 10월 30일 17시,일요일,전라북도 전주시 완산구 중노송동,경상사고,0,0,1,0,차대차 - 측면충돌,신호위반,포장 - 건조,맑음,교차로 - 교차로안,승용,남,47세,상해없음,승용,남,26세,경상
2022103100100242,2022년 10월 31일 12시,월요일,전라북도 전주시 덕진구 만성동,경상사고,0,0,1,0,차대차 - 측면충돌,안전운전불이행,포장 - 건조,맑음,단일로 - 기타,승용,남,66세,상해없음,승용,여,40세,경상
2022103100100266,2022년 10월 31일 13시,월요일,전라북도 전주시 덕진구 송천동2가,중상사고,0,1,0,0,차대차 - 측면충돌,신호위반,포장 - 건조,맑음,교차로 - 교차로횡단보도내,승용,남,66세,상해없음,자전거,남,64세,중상
2022103100100267,2022년 10월 31일 13시,월요일,전라북도 전주시 덕진구 팔복동2가,경상사고,0,0,1,0,차대차 - 측면충돌,안전운전불이행,포장 - 건조,맑음,단일로 - 기타,승합,남,56세,상해없음,승용,남,29세,경상
2022110100100157,2022년 11월 1일 10시,화요일,전라북도 전주시 완산구 서서학동,경상사고,0,0,1,0,차량단독 - 기타,기타,포장 - 건조,맑음,단일로 - 기타,승합,남,51세,상해없음,,,,
2022110100100187,2022년 11월 1일 11시,화요일,전라북도 전주시 완산구 경원동3가,경상사고,0,0,2,0,차대차 - 측면충돌,직진우회전진행방해,포장 - 건조,맑음,교차로 - 교차로안,승용,여,37세,상해없음,승용,남,28세,경상
2022110100100188,2022년 11월 1일 11시,화요일,전라북도 전주시 덕진구 팔복동3가,경상사고,0,0,1,0,차대차 - 측면충돌,중앙선침범,포장 - 건조,맑음,단일로 - 기타,화물,남,80세,상해없음,승합,남,57세,경상
2022110100100256,2022년 11월 1일 13시,화요일,전라북도 전주시 덕진구 팔복동2가,경상사고,0,0,1,0,차대차 - 측면충돌,안전운전불이행,포장 - 건조,맑음,교차로 - 교차로안,이륜,남,54세,상해없음,승용,남,56세,경상
2022110100100289,2022년 11월 1일 14시,화요일,전라북도 전주시 완산구 효자동3가,경상사고,0,0,1,0,차대사람 - 횡단중,보행자보호의무위반,포장 - 건조,맑음,교차로 - 교차로횡단보도내,화물,남,40세,상해없음,보행자,남,39세,경상
2022110100100290,2022년 11월 1일 14시,화요일,전라북도 전주시 완산구 서신동,경상사고,0,0,1,0,차대차 - 측면충돌,안전운전불이행,포장 - 건조,맑음,단일로 - 기타,승용,여,29세,상해없음,승용,여,37세,경상
2022110100100291,2022년 11월 1일 14시,화요일,전라북도 전주시 덕진구 덕진동2가,중상사고,0,1,0,0,차대사람 - 횡단중,보행자보호의무위반,포장 - 건조,맑음,교차로 - 교차로횡단보도내,이륜,남,17세,상해없음,보행자,여,9세,중상
2022110100100324,2022년 11월 1일 15시,화요일,전라북도 전주시 완산구 전동3가,경상사고,0,0,1,0,차대사람 - 기타,안전운전불이행,포장 - 건조,맑음,교차로 - 교차로부근,승용,남,68세,상해없음,보행자,남,63세,경상
2022110100100325,2022년 11월 1일 15시,화요일,전라북도 전주시 완산구 효자동3가,중상사고,0,1,0,0,차대사람 - 차도통행중,안전운전불이행,포장 - 건조,맑음,단일로 - 기타,승용,남,61세,기타불명,보행자,남,13세,중상
2022110100100326,2022년 11월 1일 15시,화요일,전라북도 전주시 덕진구 진북동,경상사고,0,0,1,0,차대차 - 측면충돌,안전운전불이행,포장 - 건조,맑음,단일로 - 기타,승용,남,61세,상해없음,승용,여,49세,경상
2022110100100420,2022년 11월 1일 17시,화요일,전라북도 전주시 완산구 중화산동2가,경상사고,0,0,1,0,차대차 - 측면충돌,직진우회전진행방해,포장 - 건조,맑음,교차로 - 교차로안,승용,남,72세,상해없음,이륜,남,39세,경상
2022110200100560,2022년 11월 2일 20시,수요일,전라북도 전주시 덕진구 덕진동1가,경상사고,0,0,3,0,차대차 - 측면충돌,기타,포장 - 건조,맑음,단일로 - 기타,이륜,남,24세,상해없음,승용,남,34세,경상
2022110200100605,2022년 11월 2일 22시,수요일,전라북도 전주시 덕진구 덕진동1가,중상사고,0,1,0,0,차대사람 - 횡단중,안전운전불이행,포장 - 건조,맑음,기타 - 기타,승용,남,23세,상해없음,보행자,남,15세,중상
2022110300100288,2022년 11월 3일 14시,목요일,전라북도 전주시 덕진구 금암동,경상사고,0,0,1,0,차대차 - 측면충돌,직진우회전진행방해,포장 - 건조,맑음,교차로 - 교차로부근,승용,남,76세,상해없음,승용,남,39세,경상
2022110300100435,2022년 11월 3일 18시,목요일,전라북도 전주시 완산구 서신동,경상사고,0,0,2,0,차대차 - 추돌,안전운전불이행,포장 - 건조,맑음,단일로 - 기타,승용,남,51세,상해없음,승용,여,49세,경상
2022110300100560,2022년 11월 3일 22시,목요일,전라북도 전주시 완산구 평화동2가,중상사고,0,1,0,0,차대사람 - 길가장자리구역통행중,안전운전불이행,포장 - 건조,맑음,단일로 - 기타,승용,남,62세,상해없음,보행자,남,15세,중상
2022110400100164,2022년 11월 4일 09시,금요일,전라북도 전주시 완산구 중노송동,경상사고,0,0,1,0,차대차 - 측면충돌,안전운전불이행,포장 - 건조,맑음,교차로 - 교차로부근,승용,여,22세,상해없음,승용,남,68세,경상
2022110400100321,2022년 11월 4일 13시,금요일,전라북도 전주시 완산구 중화산동2가,경상사고,0,0,1,0,차대차 - 측면충돌,안전운전불이행,포장 - 건조,맑음,교차로 - 교차로안,승용,여,36세,상해없음,이륜,남,54세,경상
2022110400100364,2022년 11월 4일 14시,금요일,전라북도 전주시 완산구 효자동3가,경상사고,0,0,1,0,차대차 - 측면충돌,차로위반,포장 - 건조,맑음,단일로 - 기타,화물,남,51세,상해없음,이륜,남,46세,경상
2022110400100365,2022년 11월 4일 14시,금요일,전라북도 전주시 덕진구 진북동,경상사고,0,0,1,0,차대차 - 측면충돌,신호위반,포장 - 건조,맑음,교차로 - 교차로부근,승용,여,50세,상해없음,승용,남,67세,경상
2022110400100403,2022년 11월 4일 15시,금요일,전라북도 전주시 덕진구 송천동1가,경상사고,0,0,1,0,차대사람 - 차도통행중,안전운전불이행,포장 - 건조,맑음,단일로 - 기타,승용,여,49세,상해없음,보행자,여,60세,경상
2022110400100404,2022년 11월 4일 15시,금요일,전라북도 전주시 덕진구 덕진동1가,경상사고,0,0,1,0,차대차 - 측면충돌,안전운전불이행,포장 - 건조,맑음,교차로 - 교차로부근,승용,여,54세,상해없음,승용,여,60세,경상
2022110400100451,2022년 11월 4일 16시,금요일,전라북도 전주시 덕진구 송천동2가,경상사고,0,0,2,0,차대차 - 측면충돌,안전운전불이행,포장 - 건조,맑음,교차로 - 교차로부근,승용,남,30세,상해없음,승용,남,32세,경상
2022110400100452,2022년 11월 4일 16시,금요일,전라북도 전주시 덕진구 인후동1가,경상사고,0,0,2,0,차대차 - 측면충돌,보행자보호의무위반,포장 - 건조,맑음,교차로 - 교차로횡단보도내,승용,여,49세,상해없음,자전거,남,8세,경상
2022110400100508,2022년 11월 4일 17시,금요일,전라북도 전주시 완산구 평화동1가,중상사고,0,1,0,0,차대사람 - 차도통행중,안전운전불이행,포장 - 건조,맑음,교차로 - 교차로안,자전거,여,76세,중상,보행자,여,53세,상해없음
2022110400100582,2022년 11월 4일 18시,금요일,전라북도 전주시 덕진구 진북동,경상사고,0,0,1,0,차대차 - 측면충돌,안전운전불이행,포장 - 건조,맑음,단일로 - 기타,승용,남,75세,상해없음,승용,남,57세,경상
2022110400100684,2022년 11월 4일 20시,금요일,전라북도 전주시 덕진구 인후동2가,중상사고,0,1,0,0,차대사람 - 횡단중,신호위반,포장 - 건조,맑음,교차로 - 교차로안,이륜,남,23세,상해없음,보행자,여,62세,중상
2022110500100149,2022년 11월 5일 10시,토요일,전라북도 전주시 덕진구 송천동1가,중상사고,0,1,0,0,차대차 - 측면충돌,신호위반,포장 - 건조,맑음,교차로 - 교차로안,승용,남,57세,상해없음,자전거,남,11세,중상
2022110500100460,2022년 11월 5일 17시,토요일,전라북도 전주시 완산구 상림동,중상사고,0,1,0,0,차대차 - 측면충돌,신호위반,포장 - 건조,맑음,교차로 - 교차로안,승용,남,67세,상해없음,승용,남,25세,중상
2022110500100504,2022년 11월 5일 18시,토요일,전라북도 전주시 완산구 평화동1가,경상사고,0,0,1,0,차대차 - 측면충돌,안전운전불이행,포장 - 건조,맑음,단일로 - 기타,승용,남,66세,상해없음,승용,여,55세,경상
2022110500100556,2022년 11월 5일 19시,토요일,전라북도 전주시 완산구 상림동,경상사고,0,0,3,0,차대차 - 추돌,안전운전불이행,포장 - 건조,맑음,교차로 - 교차로부근,승용,남,30세,상해없음,승용,여,31세,경상
2022110500100580,2022년 11월 5일 20시,토요일,전라북도 전주시 완산구 상림동,경상사고,0,0,1,0,차대차 - 측면충돌,안전운전불이행,포장 - 건조,맑음,단일로 - 기타,승용,여,50세,상해없음,승용,남,43세,경상
2022110600100156,2022년 11월 6일 11시,일요일,전라북도 전주시 완산구 중화산동2가,경상사고,0,0,1,0,차대차 - 정면충돌,안전운전불이행,포장 - 건조,맑음,교차로 - 교차로안,개인형이동수단(PM),여,20세,기타불명,승용,남,72세,상해없음
2022110600100219,2022년 11월 6일 13시,일요일,전라북도 전주시 완산구 효자동3가,중상사고,0,1,0,0,차대차 - 정면충돌,신호위반,포장 - 건조,맑음,교차로 - 교차로안,승용,남,39세,상해없음,승용,여,58세,중상
2022110600100404,2022년 11월 6일 18시,일요일,전라북도 전주시 덕진구 인후동1가,중상사고,0,1,0,0,차대사람 - 기타,안전운전불이행,포장 - 건조,맑음,교차로 - 교차로안,원동기,남,16세,상해없음,보행자,남,55세,중상
2022110700100190,2022년 11월 7일 10시,월요일,전라북도 전주시 완산구 서서학동,경상사고,0,0,1,0,차대차 - 측면충돌,신호위반,포장 - 건조,맑음,교차로 - 교차로안,승용,남,49세,상해없음,승용,남,48세,경상
2022110700100497,2022년 11월 7일 18시,월요일,전라북도 전주시 완산구 평화동2가,경상사고,0,0,1,0,차대사람 - 기타,안전운전불이행,포장 - 건조,맑음,단일로 - 기타,승용,남,54세,상해없음,보행자,남,51세,경상
2022110700100498,2022년 11월 7일 18시,월요일,전라북도 전주시 완산구 효자동3가,경상사고,0,0,1,0,차대차 - 추돌,안전운전불이행,포장 - 건조,맑음,교차로 - 교차로부근,이륜,남,61세,기타불명,승용,남,35세,경상
2022110700100547,2022년 11월 7일 19시,월요일,전라북도 전주시 완산구 남노송동,경상사고,0,0,2,0,차대차 - 추돌,안전거리미확보,포장 - 건조,맑음,단일로 - 기타,승용,여,52세,상해없음,화물,남,38세,경상
2022110800100051,2022년 11월 8일 06시,화요일,전라북도 전주시 완산구 중화산동2가,경상사고,0,0,2,0,차대차 - 추돌,안전운전불이행,포장 - 건조,맑음,교차로 - 교차로부근,승용,남,51세,기타불명,승용,남,53세,경상
2022110800100111,2022년 11월 8일 08시,화요일,전라북도 전주시 완산구 원당동,경상사고,0,0,2,0,차대차 - 기타,안전거리미확보,포장 - 건조,맑음,단일로 - 기타,승용,남,63세,경상,승용,여,45세,경상
2022110900100018,2022년 11월 9일 03시,수요일,전라북도 전주시 덕진구 금암동,경상사고,0,0,1,0,차대차 - 기타,신호위반,포장 - 건조,맑음,교차로 - 교차로안,이륜,남,16세,상해없음,승용,남,30세,경상
2022110900100353,2022년 11월 9일 16시,수요일,전라북도 전주시 완산구 효자동3가,경상사고,0,0,1,0,차대차 - 추돌,안전운전불이행,포장 - 건조,맑음,단일로 - 기타,이륜,남,44세,상해없음,승용,여,59세,경상
2022110900100406,2022년 11월 9일 17시,수요일,전라북도 전주시 완산구 서서학동,경상사고,0,0,2,0,차대차 - 기타,안전운전불이행,포장 - 건조,맑음,교차로 - 교차로안,승용,남,45세,상해없음,승용,남,33세,경상
2022110900100574,2022년 11월 9일 20시,수요일,전라북도 전주시 완산구 중화산동2가,경상사고,0,0,2,0,차대차 - 기타,신호위반,포장 - 건조,맑음,교차로 - 교차로안,승용,남,31세,경상,승용,남,33세,경상
2022111000100022,2022년 11월 10일 01시,목요일,전라북도 전주시 완산구 중노송동,중상사고,0,1,0,0,차량단독 - 공작물충돌,기타,포장 - 건조,맑음,교차로 - 교차로안,승용,여,29세,중상,,,,
2022111000100273,2022년 11월 10일 13시,목요일,전라북도 전주시 덕진구 덕진동2가,경상사고,0,0,1,0,차대차 - 측면충돌,신호위반,포장 - 건조,맑음,교차로 - 교차로안,승용,여,57세,상해없음,승용,여,36세,경상
2022111000100481,2022년 11월 10일 18시,목요일,전라북도 전주시 완산구 효자동2가,경상사고,0,0,1,0,차대차 - 기타,안전운전불이행,포장 - 건조,맑음,단일로 - 기타,승용,여,23세,기타불명,승용,여,26세,경상
2022111000100539,2022년 11월 10일 19시,목요일,전라북도 전주시 완산구 효자동3가,경상사고,0,0,1,0,차대차 - 측면충돌,직진우회전진행방해,포장 - 건조,맑음,교차로 - 교차로안,승용,여,26세,상해없음,승용,남,56세,경상
2022111000100591,2022년 11월 10일 21시,목요일,전라북도 전주시 완산구 중화산동2가,경상사고,0,0,3,0,차대차 - 측면충돌,안전운전불이행,포장 - 건조,맑음,단일로 - 기타,승용,여,55세,상해없음,승용,남,71세,경상
2022111000100592,2022년 11월 10일 21시,목요일,전라북도 전주시 덕진구 인후동1가,경상사고,0,0,1,0,차대차 - 측면충돌,안전운전불이행,포장 - 건조,맑음,교차로 - 교차로안,승용,남,49세,경상,승용,남,48세,상해없음
2022111100100023,2022년 11월 11일 01시,금요일,전라북도 전주시 완산구 중화산동2가,경상사고,0,0,1,0,차대차 - 측면충돌,기타,포장 - 건조,맑음,단일로 - 기타,승용,남,58세,상해없음,승용,남,40세,경상
2022111100100030,2022년 11월 11일 02시,금요일,전라북도 전주시 덕진구 덕진동2가,경상사고,0,0,2,0,차대차 - 측면충돌,신호위반,포장 - 건조,맑음,교차로 - 교차로안,승용,남,32세,상해없음,승용,남,34세,경상
2022111100100109,2022년 11월 11일 08시,금요일,전라북도 전주시 완산구 평화동2가,중상사고,0,1,0,0,차대사람 - 횡단중,안전운전불이행,포장 - 건조,맑음,기타 - 기타,승용,여,27세,상해없음,보행자,여,12세,중상
2022111100100142,2022년 11월 11일 09시,금요일,전라북도 전주시 덕진구 덕진동2가,경상사고,0,0,1,0,차대차 - 측면충돌,신호위반,포장 - 건조,맑음,단일로 - 기타,승용,여,52세,상해없음,승용,남,23세,경상
2022111100100311,2022년 11월 11일 14시,금요일,전라북도 전주시 완산구 평화동2가,경상사고,0,0,1,0,차대차 - 측면충돌,신호위반,포장 - 건조,맑음,교차로 - 교차로안,승용,남,65세,상해없음,이륜,남,81세,경상
2022111100100312,2022년 11월 11일 14시,금요일,전라북도 전주시 덕진구 만성동,경상사고,0,0,1,0,차대차 - 측면충돌,보행자보호의무위반,포장 - 건조,맑음,단일로 - 기타,화물,남,48세,상해없음,자전거,남,7세,경상
2022111100100396,2022년 11월 11일 16시,금요일,전라북도 전주시 덕진구 인후동1가,경상사고,0,0,1,0,차대사람 - 차도통행중,안전운전불이행,포장 - 건조,맑음,교차로 - 교차로안,승용,남,34세,상해없음,보행자,여,6세,경상
2022111100100397,2022년 11월 11일 16시,금요일,전라북도 전주시 덕진구 만성동,경상사고,0,0,1,0,차대사람 - 횡단중,보행자보호의무위반,포장 - 건조,맑음,교차로 - 교차로횡단보도내,승용,여,38세,상해없음,보행자,남,7세,경상
2022111100100590,2022년 11월 11일 20시,금요일,전라북도 전주시 덕진구 만성동,경상사고,0,0,1,0,차대차 - 추돌,안전운전불이행,포장 - 건조,맑음,단일로 - 기타,승용,남,62세,상해없음,승용,여,43세,경상
2022111200100140,2022년 11월 12일 10시,토요일,전라북도 전주시 완산구 효자동3가,경상사고,0,0,3,0,차대차 - 측면충돌,안전거리미확보,포장 - 건조,맑음,교차로 - 교차로안,승용,남,56세,상해없음,승용,남,42세,경상
2022111200100178,2022년 11월 12일 11시,토요일,전라북도 전주시 덕진구 팔복동1가,중상사고,0,1,0,0,차대사람 - 길가장자리구역통행중,안전운전불이행,포장 - 건조,맑음,단일로 - 기타,승용,여,72세,상해없음,보행자,남,51세,중상
2022111200100255,2022년 11월 12일 13시,토요일,전라북도 전주시 덕진구 송천동2가,경상사고,0,0,1,0,차대차 - 후진중충돌,안전운전불이행,포장 - 건조,맑음,단일로 - 기타,화물,남,63세,상해없음,이륜,남,37세,경상
2022111200100538,2022년 11월 12일 19시,토요일,전라북도 전주시 완산구 중노송동,경상사고,0,0,1,0,차대차 - 측면충돌,신호위반,포장 - 젖음/습기,비,교차로 - 교차로부근,승합,남,43세,상해없음,승용,남,29세,경상
2022111300100080,2022년 11월 13일 07시,일요일,전라북도 전주시 완산구 중화산동2가,경상사고,0,0,1,0,차대차 - 정면충돌,안전운전불이행,포장 - 건조,맑음,교차로 - 교차로부근,승용,남,26세,경상,승용,남,13세,상해없음
2022111300100139,2022년 11월 13일 11시,일요일,전라북도 전주시 덕진구 산정동,경상사고,0,0,2,0,차대차 - 측면충돌,안전거리미확보,포장 - 건조,맑음,교차로 - 교차로부근,승용,남,33세,상해없음,승용,남,30세,경상
2022111300100219,2022년 11월 13일 14시,일요일,전라북도 전주시 덕진구 덕진동2가,경상사고,0,0,2,0,차대차 - 측면충돌,안전거리미확보,포장 - 건조,맑음,단일로 - 기타,화물,남,60세,상해없음,승용,남,24세,경상
2022111300100310,2022년 11월 13일 17시,일요일,전라북도 전주시 덕진구 인후동2가,중상사고,0,1,0,0,차대사람 - 기타,안전운전불이행,포장 - 건조,맑음,단일로 - 기타,승합,남,58세,상해없음,보행자,남,67세,중상
2022111400100279,2022년 11월 14일 14시,월요일,전라북도 전주시 완산구 서신동,경상사고,0,0,1,0,차대차 - 기타,직진우회전진행방해,포장 - 건조,맑음,단일로 - 기타,승용,남,44세,상해없음,승용,남,25세,경상
2022111400100399,2022년 11월 14일 17시,월요일,전라북도 전주시 덕진구 산정동,중상사고,0,1,0,0,차대사람 - 횡단중,안전운전불이행,포장 - 건조,맑음,단일로 - 기타,화물,남,56세,상해없음,보행자,남,82세,중상
2022111400100448,2022년 11월 14일 18시,월요일,전라북도 전주시 덕진구 팔복동2가,경상사고,0,0,1,0,차대차 - 측면충돌,안전운전불이행,포장 - 건조,맑음,교차로 - 교차로안,화물,남,32세,상해없음,승합,남,56세,경상
2022111400100503,2022년 11월 14일 19시,월요일,전라북도 전주시 덕진구 여의동,경상사고,0,0,1,0,차대차 - 측면충돌,안전운전불이행,포장 - 건조,맑음,교차로 - 교차로안,승용,여,41세,상해없음,승용,여,47세,경상
2022111400100561,2022년 11월 14일 21시,월요일,전라북도 전주시 완산구 중화산동2가,경상사고,0,0,2,0,차대차 - 추돌,안전운전불이행,포장 - 건조,맑음,교차로 - 교차로부근,승용,남,30세,상해없음,승용,남,34세,경상
2022111500100017,2022년 11월 15일 01시,화요일,전라북도 전주시 덕진구 덕진동2가,중상사고,0,2,1,0,차대차 - 추돌,안전운전불이행,포장 - 건조,맑음,교차로 - 교차로부근,승용,남,42세,상해없음,승용,남,20세,중상
2022111500100026,2022년 11월 15일 02시,화요일,전라북도 전주시 완산구 효자동3가,경상사고,0,0,6,0,차대차 - 측면충돌,직진우회전진행방해,포장 - 건조,맑음,교차로 - 교차로안,승용,여,51세,경상,승용,남,22세,경상
2022111500100287,2022년 11월 15일 13시,화요일,전라북도 전주시 덕진구 호성동1가,경상사고,0,0,1,0,차대차 - 추돌,안전운전불이행,포장 - 건조,맑음,교차로 - 교차로부근,승용,남,39세,상해없음,승용,남,28세,경상
2022111600100230,2022년 11월 16일 11시,수요일,전라북도 전주시 완산구 태평동,경상사고,0,0,1,4,차대차 - 기타,안전거리미확보,포장 - 건조,맑음,교차로 - 교차로부근,승용,남,74세,상해없음,승용,여,40세,경상
2022111600100481,2022년 11월 16일 17시,수요일,전라북도 전주시 완산구 서노송동,경상사고,0,0,2,0,차대차 - 기타,안전거리미확보,포장 - 건조,맑음,교차로 - 교차로부근,승용,남,66세,경상,승용,여,30세,경상
2022111600100482,2022년 11월 16일 17시,수요일,전라북도 전주시 덕진구 인후동1가,경상사고,0,0,1,0,차대차 - 측면충돌,안전운전불이행,포장 - 건조,맑음,단일로 - 기타,승용,여,50세,상해없음,승용,남,28세,경상
2022111600100638,2022년 11월 16일 20시,수요일,전라북도 전주시 덕진구 덕진동1가,경상사고,0,0,1,0,차대차 - 후진중충돌,안전운전불이행,포장 - 건조,맑음,단일로 - 기타,승용,남,68세,상해없음,이륜,남,16세,경상
2022111600100639,2022년 11월 16일 20시,수요일,전라북도 전주시 덕진구 덕진동1가,경상사고,0,0,1,0,차대차 - 측면충돌,안전운전불이행,포장 - 건조,맑음,교차로 - 교차로안,승합,남,63세,상해없음,자전거,남,22세,경상
2022111600100678,2022년 11월 16일 22시,수요일,전라북도 전주시 덕진구 송천동2가,경상사고,0,0,2,0,차대차 - 측면충돌,안전운전불이행,포장 - 건조,맑음,교차로 - 교차로횡단보도내,승용,남,52세,상해없음,승용,여,53세,경상
2022111700100008,2022년 11월 17일 00시,목요일,전라북도 전주시 덕진구 인후동1가,중상사고,0,1,0,0,차대차 - 추돌,안전운전불이행,포장 - 건조,맑음,교차로 - 교차로부근,승용,남,40세,상해없음,승용,남,58세,중상
2022111700100195,2022년 11월 17일 11시,목요일,전라북도 전주시 완산구 효자동2가,경상사고,0,0,1,0,차대차 - 측면충돌,안전운전불이행,포장 - 건조,맑음,단일로 - 기타,승용,남,61세,상해없음,승용,여,55세,경상
2022111700100234,2022년 11월 17일 12시,목요일,전라북도 전주시 완산구 효자동2가,중상사고,0,1,0,0,차대차 - 기타,신호위반,포장 - 건조,맑음,교차로 - 교차로부근,승용,여,34세,상해없음,이륜,남,43세,중상
2022111700100260,2022년 11월 17일 13시,목요일,전라북도 전주시 완산구 효자동2가,중상사고,0,1,0,0,차대차 - 측면충돌,안전운전불이행,포장 - 건조,맑음,교차로 - 교차로횡단보도내,승용,남,39세,상해없음,자전거,여,75세,중상
2022111700100293,2022년 11월 17일 14시,목요일,전라북도 전주시 완산구 서신동,경상사고,0,0,1,0,차대차 - 기타,안전운전불이행,포장 - 건조,맑음,단일로 - 기타,승용,남,18세,상해없음,승용,남,45세,상해없음
2022111700100329,2022년 11월 17일 15시,목요일,전라북도 전주시 완산구 평화동1가,경상사고,0,0,1,0,차대차 - 추돌,안전운전불이행,포장 - 건조,맑음,단일로 - 기타,승용,여,51세,상해없음,승용,남,45세,경상
2022111700100356,2022년 11월 17일 16시,목요일,전라북도 전주시 완산구 교동,경상사고,0,0,3,0,차대사람 - 기타,안전운전불이행,포장 - 건조,맑음,교차로 - 교차로부근,개인형이동수단(PM),여,45세,상해없음,보행자,여,19세,경상
2022111700100605,2022년 11월 17일 22시,목요일,전라북도 전주시 완산구 서신동,중상사고,0,1,0,0,차대차 - 측면충돌,신호위반,포장 - 건조,맑음,교차로 - 교차로안,승용,남,33세,상해없음,승용,여,29세,중상
2022111700100606,2022년 11월 17일 22시,목요일,전라북도 전주시 덕진구 만성동,중상사고,0,1,2,0,차대차 - 측면충돌,신호위반,포장 - 건조,맑음,교차로 - 교차로안,승용,남,35세,상해없음,승용,남,43세,중상
2022111800100383,2022년 11월 18일 16시,금요일,전라북도 전주시 완산구 효자동1가,경상사고,0,0,1,0,차대차 - 정면충돌,신호위반,포장 - 건조,맑음,교차로 - 교차로안,승용,여,63세,상해없음,승용,남,61세,상해없음
2022111800100384,2022년 11월 18일 16시,금요일,전라북도 전주시 완산구 서노송동,경상사고,0,0,1,0,차대차 - 정면충돌,신호위반,포장 - 건조,맑음,단일로 - 기타,승용,여,64세,상해없음,개인형이동수단(PM),여,17세,경상
2022111800100444,2022년 11월 18일 17시,금요일,전라북도 전주시 덕진구 팔복동3가,경상사고,0,0,2,0,차대차 - 측면충돌,신호위반,포장 - 건조,맑음,교차로 - 교차로부근,승용,여,59세,상해없음,승용,남,38세,경상
2022111800100520,2022년 11월 18일 18시,금요일,전라북도 전주시 완산구 효자동2가,중상사고,0,1,0,0,차대차 - 정면충돌,신호위반,포장 - 건조,맑음,교차로 - 교차로안,승용,남,38세,상해없음,승용,여,35세,중상
2022111800100594,2022년 11월 18일 19시,금요일,전라북도 전주시 완산구 삼천동1가,중상사고,0,1,0,0,차대차 - 기타,안전운전불이행,포장 - 건조,맑음,단일로 - 기타,기타불명,기타불명,미분류,기타불명,원동기,남,32세,중상