사고번호,사고일시,요일,시군구,사고내용,사망자수,중상자수,경상자수,부상신고자수,사고유형,법규위반,노면상태,기상상태,도로형태,가해운전자 차종,가해운전자 성별,가해운전자 연령,가해운전자 상해정도,피해운전자 차종,피해운전자 성별,피해운전자 연령,피해운전자 상해정도
2022111800100595,2022년 11월 18일 19시,금요일,전라북도 전주시 덕진구 덕진동1가,중상사고,0,1,0,0,차대사람 - 횡단중,신호위반,포장 - 건조,맑음,교차로 - 교차로횡단보도내,승용,여,46세,상해없음,보행자,남,23세,중상
2022111800100596,2022년 11월 18일 19시,금요일,전라북도 전주시 덕진구 호성동2가,경상사고,0,0,1,0,차량단독 - 기타,기타,포장 - 건조,맑음,단일로 - 기타,승합,남,55세,상해없음,,,,
2022111800100686,2022년 11월 18일 23시,금요일,전라북도 전주시 완산구 효자동1가,경상사고,0,0,2,0,차대차 - 측면충돌,신호위반,포장 - 건조,맑음,교차로 - 교차로안,승용,여,22세,상해없음,승용,남,24세,경상
2022111900100062,2022년 11월 19일 05시,토요일,전라북도 전주시 덕진구 금암동,경상사고,0,0,1,0,차대차 - 정면충돌,중앙선침범,포장 - 건조,맑음,단일로 - 기타,승용,남,30세,상해없음,화물,남,53세,경상
2022111900100072,2022년 11월 19일 06시,토요일,전라북도 전주시 완산구 서신동,경상사고,0,0,2,0,차대차 - 정면충돌,신호위반,포장 - 건조,맑음,교차로 - 교차로안,승용,남,45세,상해없음,승용,남,61세,경상
2022111900100092,2022년 11월 19일 08시,토요일,전라북도 전주시 덕진구 장동,경상사고,0,0,1,0,차대차 - 측면충돌,신호위반,포장 - 건조,맑음,교차로 - 교차로부근,승용,여,53세,상해없음,승합,남,58세,경상
2022111900100283,2022년 11월 19일 14시,토요일,전라북도 전주시 덕진구 금암동,경상사고,0,0,2,0,차대차 - 측면충돌,교차로운행방법위반,포장 - 건조,맑음,교차로 - 교차로안,원동기,남,59세,상해없음,승용,남,58세,경상
2022111900100394,2022년 11월 19일 17시,토요일,전라북도 전주시 덕진구 인후동1가,경상사고,0,0,1,0,차대사람 - 횡단중,신호위반,포장 - 건조,맑음,단일로 - 기타,원동기,여,56세,상해없음,보행자,남,6세,경상
2022111900100496,2022년 11월 19일 19시,토요일,전라북도 전주시 덕진구 덕진동2가,경상사고,0,0,2,0,차대차 - 측면충돌,안전거리미확보,포장 - 건조,맑음,단일로 - 교량,승용,남,42세,상해없음,승용,남,47세,경상
2022112000100148,2022년 11월 20일 12시,일요일,전라북도 전주시 완산구 서서학동,중상사고,0,1,0,0,차대사람 - 횡단중,보행자보호의무위반,포장 - 건조,맑음,단일로 - 기타,화물,남,35세,상해없음,보행자,남,22세,중상
2022112000100177,2022년 11월 20일 13시,일요일,전라북도 전주시 완산구 서신동,경상사고,0,0,1,0,차대차 - 측면충돌,차로위반,포장 - 건조,맑음,단일로 - 기타,승용,남,65세,상해없음,승합,남,47세,경상
2022112000100264,2022년 11월 20일 16시,일요일,전라북도 전주시 덕진구 용정동,중상사고,0,1,14,0,차대차 - 기타,차로위반,포장 - 건조,맑음,단일로 - 고가도로위,화물,남,33세,상해없음,승합,남,60세,경상
2022112000100299,2022년 11월 20일 17시,일요일,전라북도 전주시 덕진구 호성동2가,경상사고,0,0,1,0,차대사람 - 보도통행중,안전운전불이행,포장 - 건조,맑음,주차장 - 주차장,승합,남,70세,상해없음,보행자,남,64세,경상
2022112000100372,2022년 11월 20일 19시,일요일,전라북도 전주시 덕진구 송천동2가,경상사고,0,0,1,0,차대사람 - 기타,중앙선침범,포장 - 건조,맑음,단일로 - 기타,원동기,여,39세,상해없음,보행자,여,37세,경상
2022112100100169,2022년 11월 21일 10시,월요일,전라북도 전주시 덕진구 팔복동2가,경상사고,0,0,1,0,차대차 - 측면충돌,신호위반,포장 - 건조,맑음,교차로 - 교차로안,승용,남,60세,상해없음,원동기,남,45세,경상
2022112100100504,2022년 11월 21일 19시,월요일,전라북도 전주시 완산구 효자동1가,경상사고,0,0,2,0,차대차 - 측면충돌,안전운전불이행,포장 - 건조,맑음,교차로 - 교차로안,승용,여,65세,상해없음,승용,남,57세,경상
2022112100100549,2022년 11월 21일 21시,월요일,전라북도 전주시 완산구 삼천동1가,경상사고,0,0,2,0,차대차 - 측면충돌,교차로운행방법위반,포장 - 건조,맑음,교차로 - 교차로안,승용,남,65세,상해없음,승용,여,54세,경상
2022112100100550,2022년 11월 21일 21시,월요일,전라북도 전주시 덕진구 송천동1가,경상사고,0,0,1,0,차대차 - 측면충돌,안전거리미확보,포장 - 건조,맑음,교차로 - 교차로부근,승합,남,53세,상해없음,승용,남,26세,경상
2022112200100130,2022년 11월 22일 09시,화요일,전라북도 전주시 덕진구 팔복동2가,중상사고,0,1,2,0,차대차 - 측면충돌,중앙선침범,포장 - 건조,맑음,교차로 - 교차로부근,화물,남,60세,상해없음,승용,남,71세,경상
2022112200100263,2022년 11월 22일 14시,화요일,전라북도 전주시 완산구 서신동,경상사고,0,0,1,0,차대사람 - 기타,안전운전불이행,포장 - 건조,맑음,단일로 - 기타,승합,남,54세,상해없음,보행자,여,23세,경상
2022112200100318,2022년 11월 22일 16시,화요일,전라북도 전주시 덕진구 진북동,중상사고,0,1,0,0,차대사람 - 횡단중,보행자보호의무위반,포장 - 젖음/습기,흐림,교차로 - 교차로안,승용,여,42세,상해없음,보행자,남,63세,중상
2022112200100319,2022년 11월 22일 16시,화요일,전라북도 전주시 덕진구 우아동2가,경상사고,0,0,1,0,차대차 - 추돌,안전운전불이행,포장 - 젖음/습기,비,단일로 - 기타,승용,여,38세,상해없음,승용,여,42세,경상
2022112200100500,2022년 11월 22일 19시,화요일,전라북도 전주시 덕진구 덕진동2가,경상사고,0,0,1,0,차대차 - 측면충돌,신호위반,포장 - 젖음/습기,비,교차로 - 교차로안,승용,여,44세,상해없음,이륜,남,18세,경상
2022112200100541,2022년 11월 22일 20시,화요일,전라북도 전주시 덕진구 송천동2가,중상사고,0,1,0,0,차대차 - 측면충돌,안전운전불이행,포장 - 건조,맑음,단일로 - 기타,승용,남,33세,상해없음,원동기,남,41세,중상
2022112200100572,2022년 11월 22일 21시,화요일,전라북도 전주시 완산구 효자동3가,경상사고,0,0,3,0,차대차 - 측면충돌,중앙선침범,포장 - 건조,맑음,단일로 - 기타,승용,남,42세,경상,승용,남,23세,경상
2022112300100012,2022년 11월 23일 03시,수요일,전라북도 전주시 완산구 효자동3가,경상사고,0,0,1,0,차량단독 - 공작물충돌,안전운전불이행,포장 - 건조,맑음,교차로 - 교차로안,승용,남,26세,상해없음,,,,
2022112300100199,2022년 11월 23일 12시,수요일,전라북도 전주시 덕진구 인후동2가,사망사고,1,0,0,0,차대차 - 측면충돌,안전운전불이행,포장 - 건조,맑음,교차로 - 교차로부근,자전거,남,71세,사망,화물,남,57세,상해없음
2022112300100253,2022년 11월 23일 14시,수요일,전라북도 전주시 완산구 중화산동2가,경상사고,0,0,1,0,차대차 - 추돌,안전거리미확보,포장 - 건조,맑음,단일로 - 기타,승용,남,26세,상해없음,승용,여,43세,경상
2022112300100254,2022년 11월 23일 14시,수요일,전라북도 전주시 덕진구 송천동2가,중상사고,0,1,0,0,차대차 - 측면충돌,신호위반,포장 - 건조,맑음,교차로 - 교차로안,승용,여,38세,상해없음,승용,남,43세,중상
2022112300100425,2022년 11월 23일 18시,수요일,전라북도 전주시 덕진구 송천동2가,경상사고,0,0,1,0,차대차 - 기타,안전운전불이행,포장 - 건조,맑음,교차로 - 교차로부근,승용,남,51세,상해없음,승용,여,35세,경상
2022112300100514,2022년 11월 23일 20시,수요일,전라북도 전주시 덕진구 송천동2가,경상사고,0,0,2,0,차대차 - 후진중충돌,안전운전불이행,포장 - 건조,맑음,교차로 - 교차로안,승용,남,56세,상해없음,승용,남,27세,경상
2022112300100515,2022년 11월 23일 20시,수요일,전라북도 전주시 덕진구 덕진동2가,경상사고,0,0,1,0,차대차 - 추돌,안전운전불이행,포장 - 건조,맑음,교차로 - 교차로부근,승용,남,40세,상해없음,승용,남,27세,경상
2022112400100007,2022년 11월 24일 00시,목요일,전라북도 전주시 덕진구 우아동2가,경상사고,0,0,1,0,차대차 - 측면충돌,신호위반,포장 - 건조,맑음,교차로 - 교차로안,승용,남,30세,상해없음,승용,남,29세,경상
2022112400100021,2022년 11월 24일 03시,목요일,전라북도 전주시 완산구 서신동,경상사고,0,0,1,0,차대차 - 추돌,안전운전불이행,포장 - 건조,맑음,단일로 - 기타,승용,남,31세,상해없음,승용,남,35세,경상
2022112400100104,2022년 11월 24일 08시,목요일,전라북도 전주시 완산구 다가동3가,경상사고,0,0,1,0,차대차 - 추돌,안전운전불이행,포장 - 건조,맑음,단일로 - 기타,승용,남,53세,상해없음,승용,남,30세,경상
2022112400100105,2022년 11월 24일 08시,목요일,전라북도 전주시 덕진구 우아동3가,경상사고,0,0,1,0,차대차 - 측면충돌,신호위반,포장 - 건조,흐림,교차로 - 교차로안,승용,남,57세,상해없음,승용,남,27세,경상
2022112400100106,2022년 11월 24일 08시,목요일,전라북도 전주시 덕진구 송천동1가,경상사고,0,0,1,0,차대차 - 측면충돌,안전운전불이행,포장 - 건조,맑음,교차로 - 교차로안,승합,남,57세,상해없음,승용,남,40세,경상
2022112400100262,2022년 11월 24일 13시,목요일,전라북도 전주시 완산구 삼천동1가,중상사고,0,1,0,0,차대사람 - 횡단중,보행자보호의무위반,포장 - 건조,맑음,교차로 - 교차로횡단보도내,화물,남,30세,상해없음,보행자,남,79세,중상
2022112400100301,2022년 11월 24일 14시,목요일,전라북도 전주시 완산구 효자동2가,경상사고,0,0,2,0,차대차 - 기타,안전운전불이행,포장 - 건조,맑음,교차로 - 교차로부근,승용,여,51세,상해없음,승용,남,20세,경상
2022112400100420,2022년 11월 24일 17시,목요일,전라북도 전주시 완산구 효자동3가,경상사고,0,0,4,0,차대차 - 측면충돌,중앙선침범,포장 - 건조,맑음,교차로 - 교차로부근,승용,남,61세,경상,승용,여,54세,경상
2022112500100030,2022년 11월 25일 02시,금요일,전라북도 전주시 완산구 중화산동2가,경상사고,0,0,8,0,차대차 - 후진중충돌,불법유턴,포장 - 건조,맑음,단일로 - 기타,승용,여,24세,상해없음,승용,남,46세,경상
2022112500100049,2022년 11월 25일 06시,금요일,전라북도 전주시 덕진구 송천동1가,경상사고,0,0,1,0,차대사람 - 횡단중,보행자보호의무위반,포장 - 건조,맑음,교차로 - 교차로횡단보도내,승용,남,68세,상해없음,보행자,남,54세,경상
2022112500100225,2022년 11월 25일 12시,금요일,전라북도 전주시 덕진구 덕진동2가,경상사고,0,0,1,0,차대차 - 측면충돌,신호위반,포장 - 건조,맑음,단일로 - 기타,승용,남,69세,상해없음,이륜,여,73세,경상
2022112500100226,2022년 11월 25일 12시,금요일,전라북도 전주시 덕진구 금암동,경상사고,0,0,1,0,차대차 - 측면충돌,신호위반,포장 - 건조,맑음,교차로 - 교차로안,승용,남,83세,상해없음,승용,여,45세,경상
2022112500100245,2022년 11월 25일 13시,금요일,전라북도 전주시 완산구 중화산동2가,경상사고,0,0,2,0,차대차 - 추돌,안전운전불이행,포장 - 건조,맑음,교차로 - 교차로안,이륜,남,27세,상해없음,승용,남,27세,경상
2022112500100356,2022년 11월 25일 16시,금요일,전라북도 전주시 완산구 효자동2가,경상사고,0,0,1,0,차대차 - 측면충돌,안전운전불이행,포장 - 건조,맑음,단일로 - 기타,승합,남,44세,상해없음,승용,남,61세,상해없음
2022112500100661,2022년 11월 25일 23시,금요일,전라북도 전주시 덕진구 덕진동1가,경상사고,0,0,1,0,차대사람 - 차도통행중,안전운전불이행,포장 - 건조,맑음,단일로 - 기타,기타불명,기타불명,미분류,기타불명,보행자,남,24세,경상
2022112600100167,2022년 11월 26일 11시,토요일,전라북도 전주시 완산구 서신동,경상사고,0,0,6,0,차대차 - 정면충돌,신호위반,포장 - 건조,맑음,교차로 - 교차로안,승용,남,70세,상해없음,승용,남,40세,경상
2022112600100267,2022년 11월 26일 14시,토요일,전라북도 전주시 완산구 평화동1가,중상사고,0,1,0,0,차대사람 - 길가장자리구역통행중,안전운전불이행,포장 - 건조,맑음,교차로 - 교차로안,승용,여,30세,상해없음,보행자,여,74세,중상
2022112600100487,2022년 11월 26일 20시,토요일,전라북도 전주시 완산구 중앙동1가,경상사고,0,0,3,0,차대차 - 측면충돌,안전운전불이행,포장 - 건조,맑음,교차로 - 교차로부근,승용,남,62세,상해없음,승용,남,71세,상해없음
2022112700100036,2022년 11월 27일 03시,일요일,전라북도 전주시 완산구 효자동1가,경상사고,0,0,1,0,차대차 - 추돌,안전운전불이행,포장 - 건조,맑음,단일로 - 기타,승용,남,29세,상해없음,승용,여,43세,경상
2022112700100069,2022년 11월 27일 08시,일요일,전라북도 전주시 완산구 중화산동2가,사망사고,1,0,0,0,차대사람 - 횡단중,안전운전불이행,포장 - 건조,맑음,기타 - 기타,승용,남,27세,상해없음,보행자,남,80세,사망
2022112700100077,2022년 11월 27일 09시,일요일,전라북도 전주시 완산구 효자동1가,경상사고,0,0,1,0,차대차 - 추돌,안전운전불이행,포장 - 건조,맑음,교차로 - 교차로부근,승용,남,38세,상해없음,승용,남,35세,경상
2022112700100091,2022년 11월 27일 10시,일요일,전라북도 전주시 덕진구 진북동,경상사고,0,0,1,0,차대사람 - 차도통행중,안전운전불이행,포장 - 건조,맑음,단일로 - 기타,승용,남,63세,상해없음,보행자,남,43세,경상
2022112700100282,2022년 11월 27일 17시,일요일,전라북도 전주시 덕진구 산정동,경상사고,0,0,1,0,차대차 - 측면충돌,교차로운행방법위반,포장 - 건조,맑음,교차로 - 교차로안,승용,남,48세,상해없음,승용,남,61세,경상
2022112800100317,2022년 11월 28일 15시,월요일,전라북도 전주시 완산구 삼천동2가,중상사고,0,2,0,0,차대차 - 측면충돌,중앙선침범,포장 - 건조,맑음,단일로 - 기타,승용,여,65세,상해없음,승합,남,44세,중상
2022112800100584,2022년 11월 28일 20시,월요일,전라북도 전주시 완산구 서서학동,경상사고,0,0,1,0,차대차 - 기타,신호위반,포장 - 젖음/습기,비,교차로 - 교차로안,이륜,남,34세,상해없음,승용,여,57세,경상
2022112800100632,2022년 11월 28일 21시,월요일,전라북도 전주시 덕진구 인후동1가,경상사고,0,0,1,0,차대차 - 추돌,안전운전불이행,포장 - 젖음/습기,비,단일로 - 기타,승용,남,53세,상해없음,승용,남,23세,경상
2022112900100013,2022년 11월 29일 01시,화요일,전라북도 전주시 덕진구 덕진동1가,경상사고,0,0,2,0,차대차 - 측면충돌,신호위반,포장 - 건조,맑음,교차로 - 교차로안,승용,남,62세,상해없음,승용,남,57세,경상
2022112900100067,2022년 11월 29일 06시,화요일,전라북도 전주시 완산구 서신동,중상사고,0,1,0,0,차대사람 - 횡단중,신호위반,포장 - 젖음/습기,비,교차로 - 교차로안,승용,남,61세,상해없음,보행자,여,54세,중상
2022112900100191,2022년 11월 29일 10시,화요일,전라북도 전주시 덕진구 인후동1가,경상사고,0,0,1,0,차대사람 - 기타,안전운전불이행,포장 - 건조,맑음,교차로 - 교차로안,화물,남,61세,상해없음,보행자,여,71세,경상
2022112900100218,2022년 11월 29일 11시,화요일,전라북도 전주시 덕진구 우아동2가,경상사고,0,0,1,0,차대사람 - 기타,안전운전불이행,포장 - 건조,맑음,교차로 - 교차로안,승합,여,58세,상해없음,보행자,여,52세,경상
2022112900100219,2022년 11월 29일 11시,화요일,전라북도 전주시 덕진구 인후동1가,중상사고,0,1,0,0,차대차 - 측면충돌,신호위반,포장 - 젖음/습기,비,교차로 - 교차로안,승용,남,68세,상해없음,승용,여,52세,중상
2022112900100325,2022년 11월 29일 14시,화요일,전라북도 전주시 덕진구 인후동2가,경상사고,0,0,1,0,차대차 - 기타,안전거리미확보,포장 - 건조,맑음,단일로 - 기타,승용,남,70세,상해없음,승용,남,32세,경상
2022112900100383,2022년 11월 29일 16시,화요일,전라북도 전주시 완산구 효자동3가,중상사고,0,1,0,0,차대사람 - 횡단중,보행자보호의무위반,포장 - 건조,맑음,교차로 - 교차로횡단보도내,승용,여,46세,상해없음,보행자,여,59세,중상
2022112900100562,2022년 11월 29일 23시,화요일,전라북도 전주시 덕진구 장동,경상사고,0,0,1,0,차대차 - 추돌,안전운전불이행,포장 - 건조,맑음,교차로 - 교차로부근,승용,남,23세,상해없음,승용,여,51세,경상
2022113000100009,2022년 11월 30일 00시,수요일,전라북도 전주시 덕진구 진북동,경상사고,0,0,2,0,차대차 - 측면충돌,신호위반,포장 - 건조,맑음,교차로 - 교차로안,승용,여,66세,상해없음,이륜,남,24세,경상
2022113000100031,2022년 11월 30일 04시,수요일,전라북도 전주시 완산구 효자동3가,경상사고,0,0,1,0,차대차 - 추돌,안전운전불이행,포장 - 건조,맑음,단일로 - 기타,승용,남,54세,상해없음,화물,남,32세,경상
2022113000100056,2022년 11월 30일 07시,수요일,전라북도 전주시 완산구 효자동1가,중상사고,0,1,0,1,차대차 - 기타,안전거리미확보,포장 - 건조,맑음,단일로 - 기타,승용,여,32세,부상신고,승용,여,27세,중상
2022113000100088,2022년 11월 30일 08시,수요일,전라북도 전주시 완산구 경원동3가,경상사고,0,0,1,0,차대차 - 추돌,안전운전불이행,포장 - 건조,맑음,단일로 - 기타,승용,여,61세,상해없음,승용,여,34세,경상
2022113000100150,2022년 11월 30일 10시,수요일,전라북도 전주시 덕진구 금암동,중상사고,0,1,0,0,차대사람 - 횡단중,보행자보호의무위반,포장 - 건조,맑음,교차로 - 교차로횡단보도내,승용,남,52세,상해없음,보행자,남,78세,중상
2022113000100324,2022년 11월 30일 16시,수요일,전라북도 전주시 완산구 효자동2가,중상사고,0,2,0,0,차대차 - 기타,신호위반,포장 - 건조,맑음,교차로 - 교차로안,승용,여,52세,상해없음,승용,여,32세,중상
2022113000100363,2022년 11월 30일 17시,수요일,전라북도 전주시 완산구 삼천동1가,경상사고,0,0,1,0,차대사람 - 차도통행중,안전운전불이행,포장 - 건조,맑음,교차로 - 교차로안,화물,남,39세,상해없음,보행자,여,21세,경상
2022113000100418,2022년 11월 30일 18시,수요일,전라북도 전주시 덕진구 반월동,경상사고,0,0,1,0,차대차 - 측면충돌,안전거리미확보,포장 - 건조,맑음,단일로 - 기타,승용,여,32세,상해없음,자전거,여,20세,경상
2022113000100542,2022년 11월 30일 23시,수요일,전라북도 전주시 덕진구 덕진동2가,중상사고,0,1,0,0,차대차 - 측면충돌,안전운전불이행,포장 - 건조,맑음,교차로 - 교차로횡단보도내,승용,남,38세,상해없음,개인형이동수단(PM),남,55세,중상
2022120100100136,2022년 12월 1일 09시,목요일,전라북도 전주시 덕진구 팔복동1가,경상사고,0,0,2,0,차대차 - 추돌,신호위반,포장 - 건조,맑음,교차로 - 교차로부근,승용,남,80세,상해없음,승합,남,49세,경상
2022120100100440,2022년 12월 1일 18시,목요일,전라북도 전주시 완산구 서신동,중상사고,0,1,0,0,차대차 - 측면충돌,신호위반,포장 - 건조,맑음,교차로 - 교차로안,화물,남,75세,상해없음,이륜,남,16세,중상
2022120200100344,2022년 12월 2일 15시,금요일,전라북도 전주시 완산구 효자동1가,중상사고,0,1,0,0,차대사람 - 기타,안전운전불이행,포장 - 건조,맑음,교차로 - 교차로안,자전거,남,85세,상해없음,보행자,여,82세,중상
2022120200100380,2022년 12월 2일 16시,금요일,전라북도 전주시 완산구 서신동,중상사고,0,1,0,0,차대사람 - 기타,안전운전불이행,포장 - 건조,맑음,교차로 - 교차로부근,승용,남,51세,상해없음,보행자,남,8세,중상
2022120200100554,2022년 12월 2일 19시,금요일,전라북도 전주시 덕진구 송천동2가,경상사고,0,0,1,0,차대차 - 측면충돌,안전운전불이행,포장 - 건조,맑음,단일로 - 기타,승용,여,31세,상해없음,승용,남,28세,상해없음
2022120200100642,2022년 12월 2일 23시,금요일,전라북도 전주시 덕진구 우아동2가,중상사고,0,1,0,0,차대사람 - 횡단중,보행자보호의무위반,포장 - 건조,맑음,교차로 - 교차로횡단보도내,승용,남,64세,상해없음,보행자,남,47세,중상
2022120300100136,2022년 12월 3일 09시,토요일,전라북도 전주시 완산구 중화산동2가,중상사고,0,1,0,0,차대차 - 측면충돌,안전운전불이행,포장 - 건조,흐림,교차로 - 교차로안,승용,남,45세,상해없음,자전거,여,49세,중상
2022120300100306,2022년 12월 3일 15시,토요일,전라북도 전주시 덕진구 덕진동1가,경상사고,0,0,2,0,차대차 - 측면충돌,신호위반,포장 - 건조,맑음,단일로 - 기타,승용,남,62세,상해없음,승용,남,66세,경상
2022120400100094,2022년 12월 4일 10시,일요일,전라북도 전주시 완산구 서신동,경상사고,0,0,1,0,차대차 - 측면충돌,안전운전불이행,포장 - 건조,맑음,단일로 - 기타,승용,여,43세,상해없음,이륜,남,31세,경상
2022120400100277,2022년 12월 4일 17시,일요일,전라북도 전주시 완산구 효자동1가,경상사고,0,0,2,0,차대차 - 정면충돌,직진우회전진행방해,포장 - 건조,맑음,교차로 - 교차로안,승용,남,62세,상해없음,원동기,남,20세,경상
2022120400100363,2022년 12월 4일 20시,일요일,전라북도 전주시 완산구 삼천동1가,경상사고,0,0,3,0,차대차 - 후진중충돌,불법유턴,포장 - 건조,맑음,교차로 - 교차로안,승용,남,57세,상해없음,승용,여,25세,경상
2022120400100364,2022년 12월 4일 20시,일요일,전라북도 전주시 완산구 중노송동,경상사고,0,0,2,0,차대차 - 측면충돌,안전운전불이행,포장 - 건조,맑음,단일로 - 기타,승용,여,24세,상해없음,승용,남,43세,경상
2022120500100095,2022년 12월 5일 09시,월요일,전라북도 전주시 완산구 상림동,중상사고,0,1,1,0,차대차 - 기타,안전운전불이행,포장 - 건조,맑음,교차로 - 교차로부근,화물,남,32세,상해없음,승용,여,62세,경상
2022120500100178,2022년 12월 5일 12시,월요일,전라북도 전주시 덕진구 덕진동1가,경상사고,0,0,2,0,차대차 - 측면충돌,교차로운행방법위반,포장 - 건조,맑음,교차로 - 교차로안,승용,남,62세,경상,승용,남,31세,경상
2022120500100232,2022년 12월 5일 14시,월요일,전라북도 전주시 덕진구 여의동,중상사고,0,1,0,0,차대차 - 측면충돌,안전운전불이행,포장 - 건조,맑음,교차로 - 교차로부근,승용,여,41세,상해없음,원동기,남,31세,중상
2022120500100299,2022년 12월 5일 16시,월요일,전라북도 전주시 완산구 서신동,경상사고,0,0,1,0,차대사람 - 보도통행중,보행자보호의무위반,포장 - 건조,맑음,교차로 - 교차로횡단보도내,승합,남,48세,상해없음,보행자,여,73세,경상
2022120500100338,2022년 12월 5일 17시,월요일,전라북도 전주시 덕진구 송천동2가,경상사고,0,0,2,0,차대차 - 추돌,안전운전불이행,포장 - 건조,맑음,교차로 - 교차로부근,승용,여,56세,상해없음,승용,남,49세,경상
2022120600100317,2022년 12월 6일 14시,화요일,전라북도 전주시 완산구 효자동2가,경상사고,0,0,1,0,차대사람 - 기타,안전운전불이행,포장 - 건조,맑음,단일로 - 기타,승합,남,54세,상해없음,보행자,여,44세,경상
2022120600100452,2022년 12월 6일 17시,화요일,전라북도 전주시 완산구 중화산동2가,경상사고,0,0,3,0,차대차 - 측면충돌,신호위반,포장 - 젖음/습기,눈,단일로 - 기타,승용,여,64세,상해없음,승용,여,35세,경상
2022120600100501,2022년 12월 6일 18시,화요일,전라북도 전주시 덕진구 만성동,경상사고,0,0,1,0,차대차 - 측면충돌,안전운전불이행,포장 - 건조,맑음,교차로 - 교차로횡단보도내,승용,남,38세,상해없음,자전거,여,12세,경상
2022120600100502,2022년 12월 6일 18시,화요일,전라북도 전주시 덕진구 송천동1가,경상사고,0,0,1,0,차대사람 - 차도통행중,안전운전불이행,포장 - 건조,맑음,교차로 - 교차로안,승용,여,33세,상해없음,보행자,여,42세,경상
2022120700100071,2022년 12월 7일 07시,수요일,전라북도 전주시 덕진구 인후동1가,중상사고,0,1,0,0,차대사람 - 차도통행중,안전운전불이행,포장 - 건조,맑음,단일로 - 기타,승용,여,48세,상해없음,보행자,여,77세,중상
2022120700100463,2022년 12월 7일 18시,수요일,전라북도 전주시 완산구 평화동2가,경상사고,0,0,1,0,차대차 - 측면충돌,안전운전불이행,포장 - 건조,맑음,교차로 - 교차로안,승합,남,54세,상해없음,승합,남,48세,경상
2022120800100017,2022년 12월 8일 01시,목요일,전라북도 전주시 완산구 중화산동1가,경상사고,0,0,1,0,차대차 - 추돌,안전거리미확보,포장 - 건조,맑음,단일로 - 기타,승용,남,26세,상해없음,승용,남,56세,경상
2022120800100018,2022년 12월 8일 01시,목요일,전라북도 전주시 덕진구 산정동,경상사고,0,0,1,0,차대차 - 추돌,안전운전불이행,포장 - 건조,맑음,교차로 - 교차로부근,화물,남,55세,상해없음,화물,남,35세,경상
2022120800100050,2022년 12월 8일 05시,목요일,전라북도 전주시 완산구 서서학동,중상사고,0,1,0,0,차대차 - 측면충돌,안전운전불이행,포장 - 건조,맑음,교차로 - 교차로횡단보도내,자전거,남,80세,중상,화물,남,75세,상해없음
2022120800100071,2022년 12월 8일 06시,목요일,전라북도 전주시 덕진구 금암동,경상사고,0,0,1,0,차대차 - 측면충돌,안전운전불이행,포장 - 건조,맑음,교차로 - 교차로안,승용,여,41세,상해없음,자전거,여,68세,경상
2022120800100205,2022년 12월 8일 10시,목요일,전라북도 전주시 완산구 평화동2가,경상사고,0,0,2,0,차대차 - 측면충돌,안전운전불이행,포장 - 건조,맑음,단일로 - 기타,승용,남,78세,상해없음,승합,남,56세,경상
2022120800100206,2022년 12월 8일 10시,목요일,전라북도 전주시 완산구 중화산동2가,중상사고,0,1,0,0,차대차 - 기타,안전운전불이행,포장 - 건조,맑음,단일로 - 기타,승용,여,59세,상해없음,이륜,남,43세,중상
2022120800100207,2022년 12월 8일 10시,목요일,전라북도 전주시 완산구 태평동,중상사고,0,1,1,0,차대차 - 정면충돌,신호위반,포장 - 건조,맑음,교차로 - 교차로안,화물,남,29세,상해없음,승용,남,82세,경상
2022120800100308,2022년 12월 8일 13시,목요일,전라북도 전주시 덕진구 여의동,경상사고,0,0,3,0,차대차 - 기타,안전운전불이행,포장 - 건조,맑음,단일로 - 기타,화물,남,56세,상해없음,승용,남,62세,경상
2022120800100341,2022년 12월 8일 14시,목요일,전라북도 전주시 완산구 다가동4가,경상사고,0,0,1,0,차대차 - 정면충돌,안전운전불이행,포장 - 건조,맑음,교차로 - 교차로안,승용,남,53세,상해없음,승용,여,60세,경상
2022120800100442,2022년 12월 8일 17시,목요일,전라북도 전주시 완산구 효자동3가,경상사고,0,0,1,0,차대차 - 측면충돌,안전거리미확보,포장 - 건조,맑음,단일로 - 기타,승용,남,34세,기타불명,승용,남,63세,경상
2022120800100443,2022년 12월 8일 17시,목요일,전라북도 전주시 덕진구 인후동1가,경상사고,0,0,1,0,차대차 - 측면충돌,중앙선침범,포장 - 건조,맑음,교차로 - 교차로부근,승용,남,54세,상해없음,이륜,남,49세,경상
2022120800100559,2022년 12월 8일 19시,목요일,전라북도 전주시 덕진구 덕진동2가,경상사고,0,0,4,1,차대차 - 추돌,안전거리미확보,포장 - 건조,맑음,교차로 - 교차로부근,승용,남,63세,상해없음,승용,남,60세,경상
2022120900100373,2022년 12월 9일 17시,금요일,전라북도 전주시 덕진구 송천동1가,중상사고,0,1,0,0,차대차 - 정면충돌,안전운전불이행,포장 - 건조,맑음,교차로 - 교차로안,승용,남,49세,상해없음,승용,여,62세,중상
2022120900100566,2022년 12월 9일 21시,금요일,전라북도 전주시 완산구 효자동3가,경상사고,0,0,1,0,차대사람 - 기타,기타,포장 - 건조,맑음,단일로 - 기타,승합,남,48세,상해없음,보행자,남,22세,경상