사고번호,사고일시,요일,시군구,사고내용,사망자수,중상자수,경상자수,부상신고자수,사고유형,법규위반,노면상태,기상상태,도로형태,가해운전자 차종,가해운전자 성별,가해운전자 연령,가해운전자 상해정도,피해운전자 차종,피해운전자 성별,피해운전자 연령,피해운전자 상해정도
2022121000100014,2022년 12월 10일 00시,토요일,전라북도 전주시 덕진구 진북동,경상사고,0,0,2,0,차대차 - 측면충돌,중앙선침범,포장 - 건조,맑음,단일로 - 기타,이륜,남,28세,상해없음,승용,남,74세,경상
2022121000100414,2022년 12월 10일 18시,토요일,전라북도 전주시 완산구 서신동,중상사고,0,1,0,0,차대사람 - 기타,기타,포장 - 건조,맑음,단일로 - 기타,승합,여,56세,상해없음,보행자,여,15세,중상
2022121100100082,2022년 12월 11일 09시,일요일,전라북도 전주시 완산구 삼천동1가,중상사고,0,1,0,0,차대차 - 측면충돌,안전운전불이행,포장 - 건조,맑음,교차로 - 교차로안,승용,남,55세,상해없음,개인형이동수단(PM),남,21세,중상
2022121100100146,2022년 12월 11일 12시,일요일,전라북도 전주시 덕진구 여의동2가,경상사고,0,0,1,0,차대사람 - 기타,안전운전불이행,포장 - 건조,맑음,교차로 - 교차로부근,화물,남,26세,상해없음,보행자,남,37세,경상
2022121100100212,2022년 12월 11일 14시,일요일,전라북도 전주시 완산구 효자동2가,경상사고,0,0,1,0,차대차 - 측면충돌,안전운전불이행,포장 - 건조,맑음,교차로 - 교차로안,승용,여,56세,상해없음,승용,남,47세,경상
2022121200100360,2022년 12월 12일 17시,월요일,전라북도 전주시 완산구 평화동2가,경상사고,0,0,1,0,차대차 - 측면충돌,안전운전불이행,포장 - 건조,맑음,교차로 - 교차로부근,승용,남,23세,상해없음,승용,남,41세,경상
2022121200100486,2022년 12월 12일 19시,월요일,전라북도 전주시 완산구 중화산동2가,경상사고,0,0,2,0,차대차 - 기타,안전운전불이행,포장 - 건조,맑음,교차로 - 교차로안,승용,여,46세,상해없음,승용,남,26세,경상
2022121200100523,2022년 12월 12일 20시,월요일,전라북도 전주시 완산구 서신동,경상사고,0,0,1,0,차대차 - 측면충돌,신호위반,포장 - 젖음/습기,비,교차로 - 교차로안,승용,남,62세,상해없음,승용,남,46세,경상
2022121300100033,2022년 12월 13일 05시,화요일,전라북도 전주시 완산구 중화산동2가,경상사고,0,0,2,0,차대차 - 추돌,안전운전불이행,포장 - 건조,맑음,단일로 - 기타,승용,여,31세,상해없음,승용,남,34세,경상
2022121300100034,2022년 12월 13일 05시,화요일,전라북도 전주시 덕진구 송천동2가,중상사고,0,1,0,0,차대차 - 측면충돌,기타,포장 - 건조,맑음,단일로 - 기타,화물,남,54세,상해없음,자전거,여,66세,중상
2022121300100072,2022년 12월 13일 07시,화요일,전라북도 전주시 덕진구 금암동,경상사고,0,0,1,0,차대차 - 측면충돌,차로위반,포장 - 건조,맑음,단일로 - 기타,승용,남,60세,상해없음,승용,남,53세,상해없음
2022121300100125,2022년 12월 13일 09시,화요일,전라북도 전주시 완산구 서노송동,사망사고,1,0,0,0,차대사람 - 길가장자리구역통행중,안전운전불이행,포장 - 건조,흐림,기타 - 기타,승용,남,74세,상해없음,보행자,여,87세,사망
2022121300100149,2022년 12월 13일 10시,화요일,전라북도 전주시 덕진구 인후동1가,경상사고,0,0,1,0,차대사람 - 기타,안전운전불이행,포장 - 건조,맑음,단일로 - 기타,승용,여,55세,상해없음,보행자,남,22세,경상
2022121300100211,2022년 12월 13일 12시,화요일,전라북도 전주시 덕진구 송천동2가,경상사고,0,0,2,0,차대차 - 측면충돌,안전운전불이행,포장 - 건조,맑음,단일로 - 기타,승용,여,33세,상해없음,승용,남,54세,경상
2022121300100542,2022년 12월 13일 23시,화요일,전라북도 전주시 덕진구 팔복동2가,경상사고,0,0,1,0,차대차 - 측면충돌,신호위반,포장 - 적설,눈,교차로 - 교차로안,승용,남,46세,상해없음,승용,남,22세,경상
2022121400100006,2022년 12월 14일 00시,수요일,전라북도 전주시 완산구 고사동,경상사고,0,0,1,0,차대차 - 추돌,직진우회전진행방해,포장 - 서리/결빙,맑음,교차로 - 교차로안,승용,남,63세,상해없음,승용,남,53세,경상
2022121400100045,2022년 12월 14일 06시,수요일,전라북도 전주시 덕진구 우아동3가,경상사고,0,0,1,0,차대사람 - 횡단중,보행자보호의무위반,포장 - 서리/결빙,눈,교차로 - 교차로안,승용,남,64세,상해없음,보행자,여,65세,경상
2022121400100412,2022년 12월 14일 16시,수요일,전라북도 전주시 덕진구 송천동1가,경상사고,0,0,1,0,차대사람 - 차도통행중,안전운전불이행,포장 - 건조,맑음,단일로 - 기타,승합,남,36세,상해없음,보행자,여,64세,경상
2022121400100467,2022년 12월 14일 17시,수요일,전라북도 전주시 덕진구 진북동,경상사고,0,0,1,0,차대차 - 측면충돌,신호위반,포장 - 건조,맑음,교차로 - 교차로안,승용,여,64세,상해없음,승용,남,28세,경상
2022121400100526,2022년 12월 14일 18시,수요일,전라북도 전주시 덕진구 덕진동1가,중상사고,0,1,0,0,차대사람 - 횡단중,과속,포장 - 건조,맑음,단일로 - 기타,승용,남,33세,상해없음,보행자,여,27세,중상
2022121400100527,2022년 12월 14일 18시,수요일,전라북도 전주시 덕진구 송천동1가,경상사고,0,0,1,0,차대차 - 측면충돌,안전운전불이행,포장 - 건조,맑음,교차로 - 교차로안,승용,남,51세,상해없음,자전거,남,9세,경상
2022121400100528,2022년 12월 14일 18시,수요일,전라북도 전주시 덕진구 송천동2가,경상사고,0,0,1,0,차대차 - 측면충돌,교차로운행방법위반,포장 - 건조,맑음,교차로 - 교차로부근,화물,남,54세,상해없음,승용,남,73세,경상
2022121400100579,2022년 12월 14일 19시,수요일,전라북도 전주시 덕진구 호성동1가,중상사고,0,1,0,0,차대사람 - 횡단중,신호위반,포장 - 건조,맑음,단일로 - 기타,승용,남,47세,상해없음,보행자,남,66세,중상
2022121500100346,2022년 12월 15일 15시,목요일,전라북도 전주시 덕진구 인후동1가,경상사고,0,0,1,0,차대차 - 측면충돌,신호위반,포장 - 건조,맑음,교차로 - 교차로안,화물,남,62세,상해없음,승용,여,56세,경상
2022121500100381,2022년 12월 15일 16시,목요일,전라북도 전주시 완산구 효자동1가,경상사고,0,0,1,0,차대사람 - 기타,안전운전불이행,포장 - 건조,맑음,단일로 - 기타,승용,남,69세,상해없음,보행자,여,52세,경상
2022121500100415,2022년 12월 15일 17시,목요일,전라북도 전주시 덕진구 여의동,중상사고,0,1,0,0,차대사람 - 횡단중,보행자보호의무위반,포장 - 건조,흐림,단일로 - 기타,승용,남,37세,상해없음,보행자,남,11세,중상
2022121500100457,2022년 12월 15일 18시,목요일,전라북도 전주시 덕진구 송천동2가,경상사고,0,0,2,0,차대차 - 추돌,안전운전불이행,포장 - 건조,맑음,교차로 - 교차로부근,승합,남,74세,상해없음,승용,여,49세,경상
2022121500100487,2022년 12월 15일 19시,목요일,전라북도 전주시 덕진구 송천동2가,경상사고,0,0,1,0,차대차 - 측면충돌,안전운전불이행,포장 - 젖음/습기,비,교차로 - 교차로안,승용,남,22세,상해없음,이륜,남,40세,경상
2022121600100446,2022년 12월 16일 18시,금요일,전라북도 전주시 덕진구 반월동,경상사고,0,0,1,0,차대차 - 측면충돌,중앙선침범,포장 - 건조,맑음,단일로 - 기타,승용,여,52세,상해없음,승용,남,32세,경상
2022121600100537,2022년 12월 16일 21시,금요일,전라북도 전주시 덕진구 송천동2가,경상사고,0,0,9,0,차대차 - 추돌,안전운전불이행,포장 - 건조,맑음,단일로 - 기타,승용,여,60세,상해없음,승용,남,73세,경상
2022121700100011,2022년 12월 17일 00시,토요일,전라북도 전주시 덕진구 우아동3가,중상사고,0,1,0,0,차량단독 - 공작물충돌,중앙선침범,포장 - 건조,맑음,교차로 - 교차로부근,이륜,남,50세,상해없음,,,,
2022121700100116,2022년 12월 17일 09시,토요일,전라북도 전주시 덕진구 진북동,경상사고,0,0,1,0,차대차 - 측면충돌,안전운전불이행,포장 - 건조,흐림,교차로 - 교차로부근,승용,남,67세,상해없음,승용,여,40세,경상
2022121700100141,2022년 12월 17일 10시,토요일,전라북도 전주시 완산구 삼천동1가,중상사고,0,1,0,0,차대사람 - 횡단중,보행자보호의무위반,포장 - 건조,맑음,교차로 - 교차로횡단보도내,화물,남,51세,상해없음,보행자,여,54세,중상
2022121700100176,2022년 12월 17일 11시,토요일,전라북도 전주시 덕진구 팔복동2가,중상사고,0,1,0,0,차대차 - 측면충돌,차로위반,포장 - 건조,흐림,교차로 - 교차로부근,승용,남,80세,상해없음,이륜,남,47세,중상
2022121700100327,2022년 12월 17일 15시,토요일,전라북도 전주시 완산구 서서학동,경상사고,0,0,3,0,차대차 - 추돌,안전운전불이행,포장 - 적설,눈,단일로 - 기타,승용,남,61세,상해없음,승용,여,25세,경상
2022121700100328,2022년 12월 17일 15시,토요일,전라북도 전주시 덕진구 송천동1가,경상사고,0,0,1,0,차대차 - 추돌,안전운전불이행,포장 - 서리/결빙,눈,교차로 - 교차로부근,화물,남,46세,상해없음,승용,여,39세,경상
2022121700100383,2022년 12월 17일 17시,토요일,전라북도 전주시 덕진구 호성동1가,경상사고,0,0,3,0,차대차 - 정면충돌,신호위반,포장 - 서리/결빙,눈,교차로 - 교차로안,화물,남,56세,상해없음,승용,남,28세,경상
2022121700100384,2022년 12월 17일 17시,토요일,전라북도 전주시 덕진구 진북동,중상사고,0,1,0,0,차대차 - 측면충돌,신호위반,포장 - 서리/결빙,눈,교차로 - 교차로횡단보도내,승용,남,38세,상해없음,자전거,남,67세,중상
2022121700100385,2022년 12월 17일 17시,토요일,전라북도 전주시 덕진구 여의동,경상사고,0,0,2,0,차대차 - 추돌,안전운전불이행,포장 - 서리/결빙,눈,교차로 - 교차로부근,승용,남,38세,상해없음,승용,남,41세,경상
2022121700100386,2022년 12월 17일 17시,토요일,전라북도 전주시 덕진구 장동,경상사고,0,0,2,0,차대차 - 측면충돌,중앙선침범,포장 - 서리/결빙,눈,교차로 - 교차로부근,승용,남,52세,상해없음,승용,남,38세,경상
2022121700100387,2022년 12월 17일 17시,토요일,전라북도 전주시 덕진구 금암동,경상사고,0,0,1,0,차대차 - 측면충돌,안전운전불이행,포장 - 서리/결빙,눈,단일로 - 기타,승합,남,48세,상해없음,승용,여,27세,경상
2022121700100551,2022년 12월 17일 23시,토요일,전라북도 전주시 완산구 중화산동2가,경상사고,0,0,1,0,차대차 - 추돌,안전운전불이행,포장 - 서리/결빙,흐림,교차로 - 교차로안,승용,남,63세,상해없음,승용,여,31세,경상
2022121800100011,2022년 12월 18일 00시,일요일,전라북도 전주시 완산구 중화산동2가,경상사고,0,0,3,0,차대차 - 정면충돌,신호위반,포장 - 적설,눈,교차로 - 교차로안,승용,남,33세,상해없음,승용,남,55세,경상
2022121800100283,2022년 12월 18일 17시,일요일,전라북도 전주시 완산구 효자동3가,경상사고,0,0,1,0,차대차 - 추돌,안전운전불이행,포장 - 적설,눈,교차로 - 교차로부근,승용,남,43세,상해없음,승용,여,43세,경상
2022121800100398,2022년 12월 18일 21시,일요일,전라북도 전주시 덕진구 송천동2가,경상사고,0,0,1,0,차대차 - 추돌,안전운전불이행,포장 - 해빙,맑음,교차로 - 교차로부근,승용,남,54세,상해없음,승용,여,51세,경상
2022121900100193,2022년 12월 19일 11시,월요일,전라북도 전주시 완산구 효자동1가,경상사고,0,0,1,0,차대차 - 추돌,안전운전불이행,포장 - 서리/결빙,맑음,교차로 - 교차로부근,승용,남,62세,상해없음,승용,여,65세,경상
2022121900100234,2022년 12월 19일 12시,월요일,전라북도 전주시 완산구 서신동,경상사고,0,0,1,0,차대차 - 기타,안전운전불이행,포장 - 서리/결빙,맑음,단일로 - 기타,화물,남,57세,상해없음,이륜,남,41세,경상
2022121900100306,2022년 12월 19일 14시,월요일,전라북도 전주시 완산구 서서학동,경상사고,0,0,2,0,차대차 - 측면충돌,안전운전불이행,포장 - 서리/결빙,맑음,단일로 - 기타,승용,여,67세,상해없음,승용,여,34세,경상
2022121900100401,2022년 12월 19일 17시,월요일,전라북도 전주시 완산구 평화동1가,중상사고,0,1,0,0,차대사람 - 횡단중,안전운전불이행,포장 - 건조,맑음,교차로 - 교차로부근,화물,남,68세,상해없음,보행자,여,82세,중상
2022121900100506,2022년 12월 19일 20시,월요일,전라북도 전주시 완산구 평화동2가,경상사고,0,0,1,0,차대사람 - 기타,신호위반,포장 - 건조,맑음,교차로 - 교차로횡단보도내,승용,남,37세,상해없음,보행자,여,62세,경상
2022121900100566,2022년 12월 19일 23시,월요일,전라북도 전주시 덕진구 송천동2가,경상사고,0,0,1,0,차대차 - 추돌,안전운전불이행,포장 - 건조,맑음,교차로 - 교차로부근,승용,남,36세,상해없음,승용,남,49세,상해없음
2022122000100047,2022년 12월 20일 06시,화요일,전라북도 전주시 완산구 중화산동1가,경상사고,0,0,1,0,차대차 - 기타,불법유턴,포장 - 젖음/습기,눈,교차로 - 교차로횡단보도내,자전거,남,66세,상해없음,승용,남,65세,상해없음
2022122000100371,2022년 12월 20일 15시,화요일,전라북도 전주시 덕진구 송천동1가,경상사고,0,0,1,0,차대차 - 측면충돌,신호위반,포장 - 건조,맑음,교차로 - 교차로안,승용,남,65세,상해없음,승용,남,73세,경상
2022122000100457,2022년 12월 20일 17시,화요일,전라북도 전주시 완산구 서완산동1가,경상사고,0,0,1,0,차대차 - 추돌,안전운전불이행,포장 - 건조,맑음,단일로 - 교량,승용,남,62세,상해없음,승용,남,54세,경상
2022122000100506,2022년 12월 20일 18시,화요일,전라북도 전주시 완산구 삼천동1가,경상사고,0,0,1,0,차대사람 - 횡단중,안전운전불이행,포장 - 건조,맑음,교차로 - 교차로부근,승용,여,27세,상해없음,보행자,여,43세,경상
2022122000100559,2022년 12월 20일 19시,화요일,전라북도 전주시 덕진구 인후동2가,경상사고,0,0,1,0,차대차 - 추돌,안전거리미확보,포장 - 건조,맑음,교차로 - 교차로안,승용,남,69세,상해없음,승용,남,67세,경상
2022122000100639,2022년 12월 20일 22시,화요일,전라북도 전주시 완산구 서신동,경상사고,0,0,2,0,차대차 - 측면충돌,신호위반,포장 - 건조,맑음,교차로 - 교차로안,승용,여,63세,상해없음,승용,남,53세,경상
2022122000100640,2022년 12월 20일 22시,화요일,전라북도 전주시 덕진구 금암동,중상사고,0,2,0,0,차대사람 - 횡단중,안전운전불이행,포장 - 기타,맑음,기타 - 기타,화물,남,36세,중상,보행자,여,51세,중상
2022122100100293,2022년 12월 21일 15시,수요일,전라북도 전주시 완산구 중화산동1가,경상사고,0,0,1,0,차대사람 - 횡단중,신호위반,포장 - 건조,흐림,기타 - 기타,승용,여,60세,상해없음,보행자,여,48세,경상
2022122100100359,2022년 12월 21일 17시,수요일,전라북도 전주시 완산구 효자동1가,경상사고,0,0,1,0,차대차 - 추돌,안전운전불이행,포장 - 젖음/습기,비,교차로 - 교차로부근,승용,남,78세,상해없음,승용,남,55세,경상
2022122100100360,2022년 12월 21일 17시,수요일,전라북도 전주시 완산구 서신동,경상사고,0,0,1,0,차대차 - 추돌,안전운전불이행,포장 - 젖음/습기,비,교차로 - 교차로부근,승용,남,43세,상해없음,승용,남,33세,경상
2022122200100113,2022년 12월 22일 08시,목요일,전라북도 전주시 완산구 서신동,경상사고,0,0,1,0,차대차 - 추돌,안전운전불이행,포장 - 서리/결빙,눈,단일로 - 기타,승용,여,46세,상해없음,승용,여,25세,경상
2022122200100140,2022년 12월 22일 09시,목요일,전라북도 전주시 덕진구 금암동,중상사고,0,1,0,0,차대사람 - 횡단중,안전운전불이행,포장 - 젖음/습기,눈,교차로 - 교차로부근,승용,남,26세,상해없음,보행자,여,26세,중상
2022122200100239,2022년 12월 22일 13시,목요일,전라북도 전주시 덕진구 팔복동2가,경상사고,0,0,1,0,차대차 - 측면충돌,안전운전불이행,포장 - 젖음/습기,맑음,교차로 - 교차로부근,승합,남,67세,상해없음,승용,남,28세,경상
2022122200100350,2022년 12월 22일 17시,목요일,전라북도 전주시 완산구 삼천동1가,경상사고,0,0,1,0,차대차 - 측면충돌,안전운전불이행,포장 - 서리/결빙,눈,교차로 - 교차로안,화물,남,62세,상해없음,화물,기타불명,미분류,기타불명
2022122200100513,2022년 12월 22일 21시,목요일,전라북도 전주시 완산구 효자동2가,경상사고,0,0,2,0,차대차 - 측면충돌,안전운전불이행,포장 - 서리/결빙,눈,교차로 - 교차로안,승용,남,39세,경상,승용,남,35세,경상
2022122300100406,2022년 12월 23일 18시,금요일,전라북도 전주시 완산구 효자동2가,경상사고,0,0,2,0,차대차 - 추돌,안전운전불이행,포장 - 서리/결빙,눈,단일로 - 기타,승용,남,28세,상해없음,승용,여,28세,경상
2022122300100540,2022년 12월 23일 22시,금요일,전라북도 전주시 덕진구 인후동1가,경상사고,0,0,1,0,차대사람 - 기타,안전운전불이행,포장 - 젖음/습기,눈,단일로 - 기타,승합,남,61세,상해없음,보행자,여,20세,경상
2022122400100264,2022년 12월 24일 14시,토요일,전라북도 전주시 덕진구 인후동1가,경상사고,0,0,1,0,차대차 - 기타,안전운전불이행,포장 - 적설,맑음,교차로 - 교차로안,승합,남,47세,상해없음,승합,남,49세,경상
2022122400100345,2022년 12월 24일 16시,토요일,전라북도 전주시 완산구 효자동1가,경상사고,0,0,1,1,차대차 - 측면충돌,안전거리미확보,포장 - 건조,맑음,교차로 - 교차로부근,승용,여,58세,상해없음,승용,남,62세,경상
2022122500100017,2022년 12월 25일 01시,일요일,전라북도 전주시 완산구 효자동3가,경상사고,0,0,1,0,차대차 - 추돌,안전운전불이행,포장 - 서리/결빙,눈,단일로 - 기타,승용,남,26세,경상,승용,남,49세,기타불명
2022122500100124,2022년 12월 25일 12시,일요일,전라북도 전주시 완산구 평화동1가,경상사고,0,0,1,0,차대차 - 기타,안전운전불이행,포장 - 건조,맑음,단일로 - 기타,승용,남,27세,상해없음,승합,남,53세,경상
2022122500100125,2022년 12월 25일 12시,일요일,전라북도 전주시 덕진구 반월동,중상사고,0,1,0,0,차대차 - 추돌,안전운전불이행,포장 - 해빙,맑음,교차로 - 교차로안,승용,여,41세,상해없음,승용,여,44세,중상
2022122500100168,2022년 12월 25일 14시,일요일,전라북도 전주시 완산구 서신동,중상사고,0,1,0,0,차대사람 - 기타,기타,포장 - 건조,맑음,기타 - 기타,승합,남,55세,상해없음,보행자,여,71세,중상
2022122500100235,2022년 12월 25일 16시,일요일,전라북도 전주시 완산구 상림동,경상사고,0,0,1,0,차대차 - 추돌,안전운전불이행,포장 - 건조,맑음,단일로 - 기타,승용,여,26세,상해없음,승용,남,43세,경상
2022122600100041,2022년 12월 26일 06시,월요일,전라북도 전주시 완산구 효자동1가,중상사고,0,1,0,0,차대사람 - 차도통행중,안전운전불이행,포장 - 서리/결빙,맑음,단일로 - 기타,승용,남,83세,상해없음,보행자,남,22세,중상
2022122600100164,2022년 12월 26일 10시,월요일,전라북도 전주시 덕진구 금암동,사망사고,1,0,0,0,차대사람 - 횡단중,안전운전불이행,포장 - 건조,맑음,교차로 - 교차로횡단보도내,승합,남,52세,기타불명,보행자,여,61세,사망
2022122600100192,2022년 12월 26일 11시,월요일,전라북도 전주시 완산구 경원동3가,경상사고,0,0,1,0,차대차 - 기타,안전운전불이행,포장 - 건조,맑음,단일로 - 기타,승용,남,62세,상해없음,승용,남,50세,경상
2022122600100329,2022년 12월 26일 16시,월요일,전라북도 전주시 덕진구 덕진동2가,경상사고,0,0,1,0,차대차 - 측면충돌,신호위반,포장 - 건조,흐림,교차로 - 교차로부근,승용,남,44세,상해없음,승용,남,43세,경상
2022122600100498,2022년 12월 26일 21시,월요일,전라북도 전주시 덕진구 금암동,경상사고,0,0,1,0,차대차 - 측면충돌,안전운전불이행,포장 - 건조,맑음,교차로 - 교차로안,승용,남,32세,상해없음,승용,남,54세,경상
2022122700100107,2022년 12월 27일 08시,화요일,전라북도 전주시 덕진구 금암동,중상사고,0,1,0,0,차대사람 - 기타,안전운전불이행,포장 - 서리/결빙,맑음,단일로 - 기타,승용,여,30세,상해없음,보행자,여,68세,중상
2022122700100182,2022년 12월 27일 10시,화요일,전라북도 전주시 덕진구 송천동2가,중상사고,0,1,0,0,차대사람 - 횡단중,보행자보호의무위반,포장 - 서리/결빙,맑음,교차로 - 교차로횡단보도내,승용,남,38세,상해없음,보행자,여,37세,중상
2022122700100294,2022년 12월 27일 14시,화요일,전라북도 전주시 완산구 서신동,중상사고,0,1,0,0,차대사람 - 횡단중,보행자보호의무위반,포장 - 건조,맑음,교차로 - 교차로횡단보도내,승합,남,41세,상해없음,보행자,여,51세,중상
2022122700100295,2022년 12월 27일 14시,화요일,전라북도 전주시 덕진구 송천동2가,중상사고,0,1,0,0,차대차 - 측면충돌,안전운전불이행,포장 - 서리/결빙,맑음,교차로 - 교차로안,승용,남,72세,상해없음,이륜,남,62세,중상
2022122700100358,2022년 12월 27일 16시,화요일,전라북도 전주시 완산구 중화산동2가,경상사고,0,0,2,0,차대차 - 측면충돌,직진우회전진행방해,포장 - 건조,맑음,교차로 - 교차로안,승용,남,29세,상해없음,승용,남,61세,경상
2022122700100438,2022년 12월 27일 18시,화요일,전라북도 전주시 덕진구 금암동,경상사고,0,0,1,0,차대차 - 측면충돌,안전운전불이행,포장 - 건조,맑음,교차로 - 교차로안,승용,남,73세,상해없음,승용,남,27세,경상
2022122700100573,2022년 12월 27일 22시,화요일,전라북도 전주시 완산구 다가동3가,경상사고,0,0,1,0,차대차 - 추돌,안전운전불이행,포장 - 건조,맑음,단일로 - 기타,승용,여,46세,상해없음,승용,남,44세,상해없음
2022122800100095,2022년 12월 28일 08시,수요일,전라북도 전주시 완산구 효자동1가,경상사고,0,0,1,0,차대차 - 측면충돌,신호위반,포장 - 건조,맑음,교차로 - 교차로부근,승용,여,31세,상해없음,승용,여,58세,경상
2022122800100401,2022년 12월 28일 17시,수요일,전라북도 전주시 완산구 효자동2가,경상사고,0,0,1,0,차대사람 - 횡단중,보행자보호의무위반,포장 - 서리/결빙,맑음,교차로 - 교차로횡단보도내,승용,남,51세,상해없음,보행자,여,6세,경상
2022122800100402,2022년 12월 28일 17시,수요일,전라북도 전주시 완산구 서신동,경상사고,0,0,2,0,차대차 - 추돌,안전운전불이행,포장 - 서리/결빙,맑음,교차로 - 교차로안,승용,남,59세,상해없음,승용,남,50세,경상
2022122800100501,2022년 12월 28일 19시,수요일,전라북도 전주시 덕진구 인후동2가,경상사고,0,0,1,0,차대차 - 추돌,안전운전불이행,포장 - 서리/결빙,맑음,단일로 - 기타,승용,남,31세,상해없음,승용,남,69세,경상
2022122800100595,2022년 12월 28일 22시,수요일,전라북도 전주시 덕진구 송천동2가,경상사고,0,0,2,0,차대차 - 추돌,안전거리미확보,포장 - 서리/결빙,맑음,단일로 - 기타,승용,남,36세,상해없음,승용,남,29세,경상
2022122900100033,2022년 12월 29일 04시,목요일,전라북도 전주시 완산구 중화산동2가,경상사고,0,0,1,0,차대차 - 기타,안전운전불이행,포장 - 서리/결빙,맑음,단일로 - 기타,승용,남,31세,상해없음,이륜,남,39세,경상
2022122900100091,2022년 12월 29일 08시,목요일,전라북도 전주시 덕진구 송천동1가,경상사고,0,0,1,0,차대차 - 측면충돌,교차로운행방법위반,포장 - 건조,맑음,교차로 - 교차로부근,승용,여,44세,상해없음,승용,여,48세,경상
2022122900100316,2022년 12월 29일 15시,목요일,전라북도 전주시 덕진구 여의동2가,경상사고,0,0,1,0,차대차 - 기타,안전거리미확보,포장 - 건조,맑음,단일로 - 기타,승용,남,40세,상해없음,승합,남,57세,상해없음
2022123000100007,2022년 12월 30일 00시,금요일,전라북도 전주시 완산구 효자동3가,경상사고,0,0,1,0,차대차 - 정면충돌,신호위반,포장 - 건조,맑음,교차로 - 교차로안,승용,여,25세,상해없음,승용,남,26세,경상
2022123000100022,2022년 12월 30일 01시,금요일,전라북도 전주시 완산구 효자동2가,경상사고,0,0,4,0,차대차 - 정면충돌,신호위반,포장 - 건조,맑음,교차로 - 교차로안,승용,남,77세,경상,승용,남,52세,경상
2022123000100052,2022년 12월 30일 05시,금요일,전라북도 전주시 덕진구 팔복동2가,중상사고,0,1,0,0,차대사람 - 횡단중,보행자보호의무위반,포장 - 건조,맑음,교차로 - 교차로횡단보도내,화물,남,49세,상해없음,보행자,남,61세,중상
2022123000100345,2022년 12월 30일 15시,금요일,전라북도 전주시 완산구 평화동1가,경상사고,0,0,1,0,차대사람 - 횡단중,보행자보호의무위반,포장 - 건조,맑음,교차로 - 교차로횡단보도내,화물,남,66세,상해없음,보행자,여,17세,경상
2022123000100384,2022년 12월 30일 16시,금요일,전라북도 전주시 덕진구 장동,경상사고,0,0,1,0,차대차 - 정면충돌,중앙선침범,포장 - 건조,맑음,교차로 - 교차로안,승용,남,36세,상해없음,승용,여,32세,경상
2022123000100385,2022년 12월 30일 16시,금요일,전라북도 전주시 덕진구 여의동,경상사고,0,0,1,0,차대차 - 추돌,안전운전불이행,포장 - 건조,맑음,교차로 - 교차로안,승용,남,61세,상해없음,승용,남,70세,경상
2022123000100386,2022년 12월 30일 16시,금요일,전라북도 전주시 덕진구 금암동,경상사고,0,0,1,0,차대사람 - 횡단중,보행자보호의무위반,포장 - 적설,흐림,교차로 - 교차로부근,화물,남,58세,상해없음,보행자,여,65세,경상
2022123000100612,2022년 12월 30일 20시,금요일,전라북도 전주시 덕진구 호성동2가,중상사고,0,1,0,0,차대차 - 측면충돌,안전운전불이행,포장 - 건조,맑음,교차로 - 교차로안,승용,남,65세,상해없음,화물,남,54세,중상
2022123000100690,2022년 12월 30일 23시,금요일,전라북도 전주시 덕진구 우아동2가,경상사고,0,0,3,0,차대차 - 측면충돌,신호위반,포장 - 건조,맑음,교차로 - 교차로안,승용,여,42세,상해없음,승용,남,49세,경상
2022123000100691,2022년 12월 30일 23시,금요일,전라북도 전주시 덕진구 금암동,경상사고,0,0,2,0,차대차 - 측면충돌,신호위반,포장 - 건조,맑음,교차로 - 교차로안,승용,여,47세,상해없음,승용,남,70세,경상
2022123100100081,2022년 12월 31일 05시,토요일,전라북도 전주시 덕진구 금암동,사망사고,1,0,0,0,차대차 - 측면충돌,신호위반,포장 - 건조,맑음,교차로 - 교차로횡단보도내,승용,남,59세,상해없음,자전거,남,34세,사망
2022123100100129,2022년 12월 31일 09시,토요일,전라북도 전주시 덕진구 전미동1가,중상사고,0,1,0,0,차대차 - 측면충돌,신호위반,포장 - 건조,맑음,교차로 - 교차로안,승용,남,30세,상해없음,승용,남,55세,중상
2022123100100327,2022년 12월 31일 16시,토요일,전라북도 전주시 덕진구 팔복동2가,경상사고,0,0,1,0,차대차 - 측면충돌,신호위반,포장 - 건조,맑음,교차로 - 교차로안,승용,남,28세,상해없음,이륜,남,68세,경상
2022123100100395,2022년 12월 31일 18시,토요일,전라북도 전주시 완산구 경원동3가,경상사고,0,0,2,0,차대차 - 기타,중앙선침범,포장 - 건조,맑음,단일로 - 기타,승용,남,37세,상해없음,승용,남,25세,경상
2022123100100396,2022년 12월 31일 18시,토요일,전라북도 전주시 완산구 서서학동,경상사고,0,0,1,0,차대차 - 측면충돌,안전거리미확보,포장 - 건조,맑음,단일로 - 기타,승용,여,36세,상해없음,승합,남,50세,경상
2022123100100437,2022년 12월 31일 19시,토요일,전라북도 전주시 덕진구 팔복동3가,경상사고,0,0,1,0,차대차 - 측면충돌,안전운전불이행,포장 - 건조,맑음,단일로 - 기타,승용,남,71세,상해없음,승용,남,41세,경상